gene_id	primer_index	primer_type	primer_sequence	gene_strand	rationale	primer_id	num_alignments	aligned_gene_name	distance_to_end_min	isoforms_targeted	target_transcripts	base_gene_id	peak_rank	gene_peak_id	rank_within_gene	new_isoforms_added	isoforms_covered_cumulative	selection_reason	composite_score	peak_id	alignments_within_threshold
ENSG00000082641	14	LEFT	AGGTGAGGTGTCGAGAAGGG	+	LEFT primer matches mRNA sequence (positive-strand gene: genomic template matches mRNA)	ENSG00000082641|peak_2|idx14|LEFT|strand+	29	NFE2L1	165	29	ENST00000357480,ENST00000361665,ENST00000362042,ENST00000475614,ENST00000579481,ENST00000579889,ENST00000581441,ENST00000582574,ENST00000583060,ENST00000585299,ENST00000654683,ENST00000655447,ENST00000657597,ENST00000658812,ENST00000660083,ENST00000660938,ENST00000661864,ENST00000663155,ENST00000663866,ENST00000664418,ENST00000664805,ENST00000665176,ENST00000665792,ENST00000665812,ENST00000667947,ENST00000668663,ENST00000669138,ENST00000670982,ENST00000671281	ENSG00000082641	1	ENSG00000082641	1	29	29	Rank 1/58: added 29 new isoforms (total 29/96), dist=165bp, peak=1	0.6865896910466582	peak_2	6
ENSG00000082641	4	LEFT	GGTGGAGTTGCTGGAGGTAG	+	LEFT primer matches mRNA sequence (positive-strand gene: genomic template matches mRNA)	ENSG00000082641|peak_3|idx4|LEFT|strand+	28	NFE2L1	35	28	ENST00000322157,ENST00000357480,ENST00000361665,ENST00000362042,ENST00000415421,ENST00000434507,ENST00000528565,ENST00000530173,ENST00000530514,ENST00000531486,ENST00000583378,ENST00000585291,ENST00000676492,ENST00000677120,ENST00000677226,ENST00000677370,ENST00000677664,ENST00000677710,ENST00000678262,ENST00000678461,ENST00000678496,ENST00000678902,ENST00000678909,ENST00000700479,ENST00000700480,ENST00000700481,ENST00000700497,ENST00000700499	ENSG00000082641	1	ENSG00000082641	2	25	54	Rank 2/58: added 25 new isoforms (total 54/96), dist=35bp, peak=1	0.7654319041614124	peak_3	1
ENSG00000082641	3	LEFT	AGGGGAGAGAGAGAGAGATGC	+	LEFT primer matches mRNA sequence (positive-strand gene: genomic template matches mRNA)	ENSG00000082641|peak_1|idx3|LEFT|strand+	22	NFE2L1	60	22	ENST00000313860,ENST00000357480,ENST00000361665,ENST00000362042,ENST00000381753,ENST00000396595,ENST00000483235,ENST00000487065,ENST00000503057,ENST00000508466,ENST00000508501,ENST00000509277,ENST00000511496,ENST00000512632,ENST00000512820,ENST00000512946,ENST00000513024,ENST00000514096,ENST00000585291,ENST00000623911,ENST00000629124,ENST00000661645	ENSG00000082641	1	ENSG00000082641	3	18	72	Rank 3/58: added 18 new isoforms (total 72/96), dist=60bp, peak=1	0.7309189785624213	peak_1	4
ENSG00000101367	4	LEFT	GTGCGAAAGAACCCTGGTG	+	LEFT primer matches mRNA sequence (positive-strand gene: genomic template matches mRNA)	ENSG00000101367|peak_2|idx4|LEFT|strand+	2	MAPRE1P2	265	2	ENST00000375571,ENST00000506459	ENSG00000101367	1	ENSG00000101367	1	2	2	Rank 1/30: added 2 new isoforms (total 2/3), dist=265bp, peak=1	0.6827868852459016	peak_2	1
ENSG00000101367	0	LEFT	CTGGTGTGGTGCGAAAGAAC	+	LEFT primer matches mRNA sequence (positive-strand gene: genomic template matches mRNA)	ENSG00000101367|peak_2|idx0|LEFT|strand+	2	MAPRE1P1	271	2	ENST00000375571,ENST00000522077	ENSG00000101367	1	ENSG00000101367	2	1	3	Rank 2/30: added 1 new isoforms (total 3/3), dist=271bp, peak=1	0.6778688524590164	peak_2	1
ENSG00000108960	15	LEFT	GCTGGCGAGTTAAATAGGCAAG	-	LEFT primer matches mRNA sequence (negative-strand gene: genomic template matches mRNA)	ENSG00000108960|peak_1|idx15|LEFT|strand-	2	MMD	204	2	ENST00000262065,ENST00000649377	ENSG00000108960	1	ENSG00000108960	1	2	2	Rank 1/40: added 2 new isoforms (total 2/2), dist=204bp, peak=1	0.8670143415906126	peak_1	2
ENSG00000112078	2	LEFT	GGTGGGATCACTAGTGCAGG	+	LEFT primer matches mRNA sequence (positive-strand gene: genomic template matches mRNA)	ENSG00000112078|peak_1|idx2|LEFT|strand+	2	KCTD20	168	2	ENST00000373731,ENST00000536244	ENSG00000112078	1	ENSG00000112078	1	2	2	Rank 1/16: added 2 new isoforms (total 2/2), dist=168bp, peak=1	0.6923076923076923	peak_1	2
ENSG00000125458	12	LEFT	AGCTAAAGGAAGGGCAGGC	-	LEFT primer matches mRNA sequence (negative-strand gene: genomic template matches mRNA)	ENSG00000125458|peak_1|idx12|LEFT|strand-	14	NT5C	26	14	ENST00000245552,ENST00000267064,ENST00000347471,ENST00000394023,ENST00000550164,ENST00000552674,ENST00000577523,ENST00000578407,ENST00000580423,ENST00000580758,ENST00000582160,ENST00000582744,ENST00000583655,ENST00000584352	ENSG00000125458	1	ENSG00000125458	1	14	14	Rank 1/34: added 14 new isoforms (total 14/14), dist=26bp, peak=1	0.74	peak_1	9
ENSG00000133612	16	LEFT	AAGAGGACGGCACCAAGTTG	+	LEFT primer matches mRNA sequence (positive-strand gene: genomic template matches mRNA)	ENSG00000133612|peak_1|idx16|LEFT|strand+	6	AGAP3	150	6	ENST00000239906,ENST00000397238,ENST00000461065,ENST00000463381,ENST00000473633,ENST00000622464	ENSG00000133612	1	ENSG00000133612	1	6	6	Rank 1/43: added 6 new isoforms (total 6/17), dist=150bp, peak=1	0.695911678454373	peak_1	5
ENSG00000133612	14	LEFT	CTCAGTTCCTTCCCGTCCC	+	LEFT primer matches mRNA sequence (positive-strand gene: genomic template matches mRNA)	ENSG00000133612|peak_3|idx14|LEFT|strand+	6	AGAP3	660	6	ENST00000261187,ENST00000263257,ENST00000485904,ENST00000547379,ENST00000672224,ENST00000676183	ENSG00000133612	1	ENSG00000133612	2	6	12	Rank 2/43: added 6 new isoforms (total 12/17), dist=660bp, peak=1	0.322011385199241	peak_3	1
ENSG00000133612	5	LEFT	ACCTGTGCTGCTCTGTATGG	+	LEFT primer matches mRNA sequence (positive-strand gene: genomic template matches mRNA)	ENSG00000133612|peak_3|idx5|LEFT|strand+	4	AGAP3	50	4	ENST00000335367,ENST00000473312,ENST00000479901,ENST00000707136	ENSG00000133612	1	ENSG00000133612	3	4	16	Rank 3/43: added 4 new isoforms (total 16/17), dist=50bp, peak=1	0.7339313437985164	peak_3	3
ENSG00000141424	1	LEFT	ATCTGTATGTGCAATTCACCGG	-	LEFT primer matches mRNA sequence (negative-strand gene: genomic template matches mRNA)	ENSG00000141424|peak_3|idx1|LEFT|strand-	2	SLC39A6	250	2	ENST00000269187,ENST00000590986	ENSG00000141424	1	ENSG00000141424	1	2	2	Rank 1/14: added 2 new isoforms (total 2/2), dist=250bp, peak=1	0.7987117552334944	peak_3	2
ENSG00000142192	1	LEFT	AAGCCGATGATGACGAGGAC	-	LEFT primer matches mRNA sequence (negative-strand gene: genomic template matches mRNA)	ENSG00000142192|peak_3|idx1|LEFT|strand-	14	APP	62	14	ENST00000346798,ENST00000348990,ENST00000354192,ENST00000357903,ENST00000358918,ENST00000359726,ENST00000415997,ENST00000439274,ENST00000440126,ENST00000448850,ENST00000463070,ENST00000474136,ENST00000491395,ENST00000707132	ENSG00000142192	1	ENSG00000142192	1	14	14	Rank 1/82: added 14 new isoforms (total 14/23), dist=62bp, peak=1	0.805685618729097	peak_3	4
ENSG00000142192	9	LEFT	GGGTGCTCTGCTGGTCTTC	-	LEFT primer matches mRNA sequence (negative-strand gene: genomic template matches mRNA)	ENSG00000142192|peak_1|idx9|LEFT|strand-	11	APP	377	11	ENST00000310917,ENST00000346798,ENST00000348990,ENST00000354192,ENST00000357903,ENST00000359726,ENST00000450525,ENST00000475313,ENST00000707132,ENST00000707133,ENST00000707134	ENSG00000142192	1	ENSG00000142192	2	5	19	Rank 2/82: added 5 new isoforms (total 19/23), dist=377bp, peak=1	0.3757363253856943	peak_1	8
ENSG00000142192	1	LEFT	GATGCGGAGGAGGATGACTC	-	LEFT primer matches mRNA sequence (negative-strand gene: genomic template matches mRNA)	ENSG00000142192|peak_4|idx1|LEFT|strand-	14	APP	186	14	ENST00000346798,ENST00000348990,ENST00000354192,ENST00000357903,ENST00000358918,ENST00000359726,ENST00000413748,ENST00000439274,ENST00000440126,ENST00000445357,ENST00000448850,ENST00000463070,ENST00000474136,ENST00000707132	ENSG00000142192	1	ENSG00000142192	3	2	21	Rank 3/82: added 2 new isoforms (total 21/23), dist=186bp, peak=1	0.6518394648829431	peak_4	2
ENSG00000143641	12	LEFT	TTGTCTTCTCTGTGCTGGTCC	+	LEFT primer matches mRNA sequence (positive-strand gene: genomic template matches mRNA)	ENSG00000143641|peak_1|idx12|LEFT|strand+	2	GALNT2	217	2	ENST00000366672,ENST00000485438	ENSG00000143641	1	ENSG00000143641	1	2	2	Rank 1/36: added 2 new isoforms (total 2/2), dist=217bp, peak=1	0.6917613636363636	peak_1	2
ENSG00000156298	7	LEFT	GCATGCCAACAAGAATGCATTG	+	LEFT primer matches mRNA sequence (positive-strand gene: genomic template matches mRNA)	ENSG00000156298|peak_1|idx7|LEFT|strand+	2	TSPAN7	74	2	ENST00000378482,ENST00000419600	ENSG00000156298	1	ENSG00000156298	1	2	2	Rank 1/18: added 2 new isoforms (total 2/2), dist=74bp, peak=1	0.9015957446808511	peak_1	2
ENSG00000159023	0	LEFT	TGGCCTTTCGTAGTAGAAGTGG	+	LEFT primer matches mRNA sequence (positive-strand gene: genomic template matches mRNA)	ENSG00000159023|peak_2|idx0|LEFT|strand+	5	EPB41	92	5	ENST00000343067,ENST00000373798,ENST00000460378,ENST00000642937,ENST00000647103	ENSG00000159023	1	ENSG00000159023	1	5	5	Rank 1/20: added 5 new isoforms (total 5/5), dist=92bp, peak=1	0.8798955613577024	peak_2	5
ENSG00000162607	5	LEFT	GCTATGTCAGAGGCACAAAGTC	+	LEFT primer matches mRNA sequence (positive-strand gene: genomic template matches mRNA)	ENSG00000162607|peak_2|idx5|LEFT|strand+	2	USP1	369	2	ENST00000339950,ENST00000371146	ENSG00000162607	1	ENSG00000162607	1	2	2	Rank 1/6: added 2 new isoforms (total 2/2), dist=369bp, peak=1	0.5119047619047619	peak_2	2
ENSG00000163902	13	LEFT	GGAGCTGGTCACCAAGATCG	-	LEFT primer matches mRNA sequence (negative-strand gene: genomic template matches mRNA)	ENSG00000163902|peak_1|idx13|LEFT|strand-	10	RPN1	295	10	ENST00000296255,ENST00000336604,ENST00000356896,ENST00000396840,ENST00000465801,ENST00000471408,ENST00000487279,ENST00000488007,ENST00000497289,ENST00000619571	ENSG00000163902	1	ENSG00000163902	1	10	10	Rank 1/52: added 10 new isoforms (total 10/14), dist=295bp, peak=1	0.5597184065934067	peak_1	2
ENSG00000163902	12	LEFT	AAGGAAGAGAAACCAGGCCC	-	LEFT primer matches mRNA sequence (negative-strand gene: genomic template matches mRNA)	ENSG00000163902|peak_1|idx12|LEFT|strand-	3	RPN1	131	3	ENST00000296255,ENST00000497289,ENST00000523520	ENSG00000163902	1	ENSG00000163902	2	1	11	Rank 2/52: added 1 new isoforms (total 11/14), dist=131bp, peak=1	0.6068337912087912	peak_1	2
ENSG00000163902	0	LEFT	GGTGGTAGTGGGAGGTTGTG	-	LEFT primer matches mRNA sequence (negative-strand gene: genomic template matches mRNA)	ENSG00000163902|peak_1|idx0|LEFT|strand-	3	RPN1	191	3	ENST00000296255,ENST00000497289,ENST00000536163	ENSG00000163902	1	ENSG00000163902	3	1	12	Rank 3/52: added 1 new isoforms (total 12/14), dist=191bp, peak=1	0.5347184065934065	peak_1	2
ENSG00000179950	9	LEFT	TGACAGAGGAGTGTGGCAAG	-	LEFT primer matches mRNA sequence (negative-strand gene: genomic template matches mRNA)	ENSG00000179950|peak_1|idx9|LEFT|strand-	29	PUF60	218	29	ENST00000313352,ENST00000349157,ENST00000453551,ENST00000456095,ENST00000460536,ENST00000524570,ENST00000526151,ENST00000526459,ENST00000526683,ENST00000527197,ENST00000527744,ENST00000531951,ENST00000532127,ENST00000533162,ENST00000533362,ENST00000562955,ENST00000634258,ENST00000638263,ENST00000640484,ENST00000648058,ENST00000649403,ENST00000703744,ENST00000703803,ENST00000703846,ENST00000703847,ENST00000703848,ENST00000703849,ENST00000703850,ENST00000703866	ENSG00000179950	1	ENSG00000179950	1	29	29	Rank 1/42: added 29 new isoforms (total 29/35), dist=218bp, peak=1	0.8086484503942784	peak_1	22
ENSG00000179950	0	LEFT	GCGGGAGACAAATGGAAACC	-	LEFT primer matches mRNA sequence (negative-strand gene: genomic template matches mRNA)	ENSG00000179950|peak_3|idx0|LEFT|strand-	22	PUF60	426	22	ENST00000313352,ENST00000349157,ENST00000453551,ENST00000526151,ENST00000526459,ENST00000526683,ENST00000527584,ENST00000527744,ENST00000528320,ENST00000529999,ENST00000531897,ENST00000531951,ENST00000532127,ENST00000533162,ENST00000533362,ENST00000703803,ENST00000703846,ENST00000703847,ENST00000703849,ENST00000703850,ENST00000703852,ENST00000703866	ENSG00000179950	1	ENSG00000179950	2	5	34	Rank 2/42: added 5 new isoforms (total 34/35), dist=426bp, peak=1	0.6151439574546121	peak_3	5
ENSG00000179950	1	LEFT	AGCAGGAGCACATGAGCATC	-	LEFT primer matches mRNA sequence (negative-strand gene: genomic template matches mRNA)	ENSG00000179950|peak_4|idx1|LEFT|strand-	23	PUF60	359	23	ENST00000313352,ENST00000349157,ENST00000453551,ENST00000456095,ENST00000515789,ENST00000524570,ENST00000526151,ENST00000526459,ENST00000526683,ENST00000527197,ENST00000527744,ENST00000531951,ENST00000532127,ENST00000533162,ENST00000533362,ENST00000703744,ENST00000703803,ENST00000703846,ENST00000703847,ENST00000703848,ENST00000703849,ENST00000703850,ENST00000703866	ENSG00000179950	1	ENSG00000179950	3	1	35	Rank 3/42: added 1 new isoforms (total 35/35), dist=359bp, peak=1	0.6667192371171833	peak_4	22
ENSG00000225663	1	LEFT	TCCCTTTTCCTTCCTGTGCC	-	LEFT primer matches mRNA sequence (negative-strand gene: genomic template matches mRNA)	ENSG00000225663|peak_1|idx1|LEFT|strand-	8	MCRIP1	51	8	ENST00000455127,ENST00000457257,ENST00000538396,ENST00000572645,ENST00000573478,ENST00000574190,ENST00000576730,ENST00000623789	ENSG00000225663	1	ENSG00000225663	1	8	8	Rank 1/11: added 8 new isoforms (total 8/8), dist=51bp, peak=1	0.5887096774193548	peak_1	7
