gene_id	peak_id	primer_index	primer_type	primer_sequence	gene_strand	rationale	primer_id	num_alignments	aligned_gene_name	alignments_within_threshold	distance_to_end_min
ENSG00000082641	peak_1	11	LEFT	TATCTCTGTGACCTGCCAGGG	+	LEFT primer matches mRNA sequence (positive-strand gene: genomic template matches mRNA)	ENSG00000082641|peak_1|idx11|LEFT|strand+	4	NFE2L1	4	83
ENSG00000082641	peak_1	13	LEFT	TTTATCTCTGTGACCTGCCAGG	+	LEFT primer matches mRNA sequence (positive-strand gene: genomic template matches mRNA)	ENSG00000082641|peak_1|idx13|LEFT|strand+	4	NFE2L1	4	85
ENSG00000082641	peak_1	15	LEFT	AGAGGGGAGAGAGAGAGAGATG	+	LEFT primer matches mRNA sequence (positive-strand gene: genomic template matches mRNA)	ENSG00000082641|peak_1|idx15|LEFT|strand+	20	NFE2L1	4	62
ENSG00000082641	peak_1	16	LEFT	GAGGGGAGAGAGAGAGAGATGC	+	LEFT primer matches mRNA sequence (positive-strand gene: genomic template matches mRNA)	ENSG00000082641|peak_1|idx16|LEFT|strand+	19	NFE2L1	4	61
ENSG00000082641	peak_1	3	LEFT	AGGGGAGAGAGAGAGAGATGC	+	LEFT primer matches mRNA sequence (positive-strand gene: genomic template matches mRNA)	ENSG00000082641|peak_1|idx3|LEFT|strand+	22	NFE2L1	4	60
ENSG00000082641	peak_1	5	LEFT	GAAGGTGTGAACCTGGGAGTG	+	LEFT primer matches mRNA sequence (positive-strand gene: genomic template matches mRNA)	ENSG00000082641|peak_1|idx5|LEFT|strand+	4	NFE2L1	4	144
ENSG00000082641	peak_1	7	LEFT	TTATCTCTGTGACCTGCCAGG	+	LEFT primer matches mRNA sequence (positive-strand gene: genomic template matches mRNA)	ENSG00000082641|peak_1|idx7|LEFT|strand+	4	NFE2L1	4	84
ENSG00000082641	peak_1	8	LEFT	TGTGACCTGCCAGGGAGAG	+	LEFT primer matches mRNA sequence (positive-strand gene: genomic template matches mRNA)	ENSG00000082641|peak_1|idx8|LEFT|strand+	5	NFE2L1	4	77
ENSG00000082641	peak_2	0	LEFT	GGGTTTGACACTGAGGAGGG	+	LEFT primer matches mRNA sequence (positive-strand gene: genomic template matches mRNA)	ENSG00000082641|peak_2|idx0|LEFT|strand+	9	NFE2L1	6	37
ENSG00000082641	peak_2	10	LEFT	CCACAGGGTGTGCTTTCCTC	+	LEFT primer matches mRNA sequence (positive-strand gene: genomic template matches mRNA)	ENSG00000082641|peak_2|idx10|LEFT|strand+	9	NFE2L1	6	106
ENSG00000082641	peak_2	11	LEFT	CTCCACAGGGTGTGCTTTCC	+	LEFT primer matches mRNA sequence (positive-strand gene: genomic template matches mRNA)	ENSG00000082641|peak_2|idx11|LEFT|strand+	11	NFE2L1	6	108
ENSG00000082641	peak_2	13	LEFT	GGAGTGTGTCCTTGGCCTTG	+	LEFT primer matches mRNA sequence (positive-strand gene: genomic template matches mRNA)	ENSG00000082641|peak_2|idx13|LEFT|strand+	9	NFE2L1	6	129
ENSG00000082641	peak_2	14	LEFT	AGGTGAGGTGTCGAGAAGGG	+	LEFT primer matches mRNA sequence (positive-strand gene: genomic template matches mRNA)	ENSG00000082641|peak_2|idx14|LEFT|strand+	29	NFE2L1	6	165
ENSG00000082641	peak_2	15	LEFT	GGTAACCTGCTGGCTGGAG	+	LEFT primer matches mRNA sequence (positive-strand gene: genomic template matches mRNA)	ENSG00000082641|peak_2|idx15|LEFT|strand+	9	NFE2L1	6	19
ENSG00000082641	peak_2	16	LEFT	TCCACAGGGTGTGCTTTCC	+	LEFT primer matches mRNA sequence (positive-strand gene: genomic template matches mRNA)	ENSG00000082641|peak_2|idx16|LEFT|strand+	11	NFE2L1	6	107
ENSG00000082641	peak_2	17	LEFT	AGTGTGTCCTTGGCCTTGG	+	LEFT primer matches mRNA sequence (positive-strand gene: genomic template matches mRNA)	ENSG00000082641|peak_2|idx17|LEFT|strand+	9	NFE2L1	6	127
ENSG00000082641	peak_2	18	LEFT	TTGTGTTCTGCCAGGGTGG	+	LEFT primer matches mRNA sequence (positive-strand gene: genomic template matches mRNA)	ENSG00000082641|peak_2|idx18|LEFT|strand+	9	NFE2L1	6	62
ENSG00000082641	peak_2	19	LEFT	GAGCAGTGGCCTTGATTTGTC	+	LEFT primer matches mRNA sequence (positive-strand gene: genomic template matches mRNA)	ENSG00000082641|peak_2|idx19|LEFT|strand+	8	NFE2L1	5	26
ENSG00000082641	peak_2	1	LEFT	GGGGTTTGACACTGAGGAGG	+	LEFT primer matches mRNA sequence (positive-strand gene: genomic template matches mRNA)	ENSG00000082641|peak_2|idx1|LEFT|strand+	9	NFE2L1	6	38
ENSG00000082641	peak_2	2	LEFT	ATCCCTTGTGTTCTGCCAGG	+	LEFT primer matches mRNA sequence (positive-strand gene: genomic template matches mRNA)	ENSG00000082641|peak_2|idx2|LEFT|strand+	9	NFE2L1	6	67
ENSG00000082641	peak_2	3	LEFT	ACAGGGTGTGCTTTCCTCTG	+	LEFT primer matches mRNA sequence (positive-strand gene: genomic template matches mRNA)	ENSG00000082641|peak_2|idx3|LEFT|strand+	9	NFE2L1	6	104
ENSG00000082641	peak_2	4	LEFT	CGGGGTTTGACACTGAGGAG	+	LEFT primer matches mRNA sequence (positive-strand gene: genomic template matches mRNA)	ENSG00000082641|peak_2|idx4|LEFT|strand+	9	NFE2L1	6	39
ENSG00000082641	peak_2	5	LEFT	GAGGTGAGGTGTCGAGAAGG	+	LEFT primer matches mRNA sequence (positive-strand gene: genomic template matches mRNA)	ENSG00000082641|peak_2|idx5|LEFT|strand+	9	NFE2L1	6	166
ENSG00000082641	peak_2	6	LEFT	GGGTACGGGGTTTGACACTG	+	LEFT primer matches mRNA sequence (positive-strand gene: genomic template matches mRNA)	ENSG00000082641|peak_2|idx6|LEFT|strand+	9	NFE2L1	6	44
ENSG00000082641	peak_2	7	LEFT	CAGGGTGTGCTTTCCTCTGG	+	LEFT primer matches mRNA sequence (positive-strand gene: genomic template matches mRNA)	ENSG00000082641|peak_2|idx7|LEFT|strand+	9	NFE2L1	6	103
ENSG00000082641	peak_2	8	LEFT	TACGGGGTTTGACACTGAGG	+	LEFT primer matches mRNA sequence (positive-strand gene: genomic template matches mRNA)	ENSG00000082641|peak_2|idx8|LEFT|strand+	9	NFE2L1	6	41
ENSG00000082641	peak_2	9	LEFT	GCTCATCCCTTGTGTTCTGC	+	LEFT primer matches mRNA sequence (positive-strand gene: genomic template matches mRNA)	ENSG00000082641|peak_2|idx9|LEFT|strand+	9	NFE2L1	6	71
ENSG00000082641	peak_3	0	LEFT	GGGGAAGGAATGGACCTGTG	+	LEFT primer matches mRNA sequence (positive-strand gene: genomic template matches mRNA)	ENSG00000082641|peak_3|idx0|LEFT|strand+	5	NFE2L1	1	100
ENSG00000082641	peak_3	10	LEFT	GAGGGGAAGGAATGGACCTG	+	LEFT primer matches mRNA sequence (positive-strand gene: genomic template matches mRNA)	ENSG00000082641|peak_3|idx10|LEFT|strand+	5	NFE2L1	1	102
ENSG00000082641	peak_3	11	LEFT	CAGAGGGGAAGGAATGGACC	+	LEFT primer matches mRNA sequence (positive-strand gene: genomic template matches mRNA)	ENSG00000082641|peak_3|idx11|LEFT|strand+	5	NFE2L1	1	104
ENSG00000082641	peak_3	13	LEFT	GGAGTTGCTGGAGGTAGAGG	+	LEFT primer matches mRNA sequence (positive-strand gene: genomic template matches mRNA)	ENSG00000082641|peak_3|idx13|LEFT|strand+	19	NFE2L1	1	32
ENSG00000082641	peak_3	14	LEFT	CCTGTGAGAGGAAGGGAAGG	+	LEFT primer matches mRNA sequence (positive-strand gene: genomic template matches mRNA)	ENSG00000082641|peak_3|idx14|LEFT|strand+	6	NFE2L1	1	86
ENSG00000082641	peak_3	15	LEFT	GGGAAGGAATGGACCTGTGAG	+	LEFT primer matches mRNA sequence (positive-strand gene: genomic template matches mRNA)	ENSG00000082641|peak_3|idx15|LEFT|strand+	7	NFE2L1	1	99
ENSG00000082641	peak_3	16	LEFT	AAGGGAAGGTGGCAGAAAGTC	+	LEFT primer matches mRNA sequence (positive-strand gene: genomic template matches mRNA)	ENSG00000082641|peak_3|idx16|LEFT|strand+	5	NFE2L1	1	75
ENSG00000082641	peak_3	17	LEFT	GTGGAGTTGCTGGAGGTAGAG	+	LEFT primer matches mRNA sequence (positive-strand gene: genomic template matches mRNA)	ENSG00000082641|peak_3|idx17|LEFT|strand+	7	NFE2L1	1	34
ENSG00000082641	peak_3	18	LEFT	GACAGAGGGGAAGGAATGGAC	+	LEFT primer matches mRNA sequence (positive-strand gene: genomic template matches mRNA)	ENSG00000082641|peak_3|idx18|LEFT|strand+	5	NFE2L1	1	106
ENSG00000082641	peak_3	3	LEFT	CCGACAGAGGGGAAGGAATG	+	LEFT primer matches mRNA sequence (positive-strand gene: genomic template matches mRNA)	ENSG00000082641|peak_3|idx3|LEFT|strand+	5	NFE2L1	1	108
ENSG00000082641	peak_3	4	LEFT	GGTGGAGTTGCTGGAGGTAG	+	LEFT primer matches mRNA sequence (positive-strand gene: genomic template matches mRNA)	ENSG00000082641|peak_3|idx4|LEFT|strand+	28	NFE2L1	1	35
ENSG00000082641	peak_3	5	LEFT	GGAAGGAAGGAAGGAACCCC	+	LEFT primer matches mRNA sequence (positive-strand gene: genomic template matches mRNA)	ENSG00000082641|peak_3|idx5|LEFT|strand+	5	NFE2L1	1	30
ENSG00000082641	peak_3	6	LEFT	TATGTGGAGCAAAGGCCGAC	+	LEFT primer matches mRNA sequence (positive-strand gene: genomic template matches mRNA)	ENSG00000082641|peak_3|idx6|LEFT|strand+	5	NFE2L1	1	123
ENSG00000082641	peak_3	7	LEFT	AGCTATGTGGAGCAAAGGCC	+	LEFT primer matches mRNA sequence (positive-strand gene: genomic template matches mRNA)	ENSG00000082641|peak_3|idx7|LEFT|strand+	7	NFE2L1	1	126
ENSG00000082641	peak_3	9	LEFT	TGGACCTGTGAGAGGAAGGG	+	LEFT primer matches mRNA sequence (positive-strand gene: genomic template matches mRNA)	ENSG00000082641|peak_3|idx9|LEFT|strand+	5	NFE2L1	1	90
ENSG00000082641	peak_4	0	LEFT	TTCAGCACAACACTGGGGAG	+	LEFT primer matches mRNA sequence (positive-strand gene: genomic template matches mRNA)	ENSG00000082641|peak_4|idx0|LEFT|strand+	4	NFE2L1	4	793
ENSG00000082641	peak_4	10	LEFT	ATATGACAGGCTGAGAGCACC	+	LEFT primer matches mRNA sequence (positive-strand gene: genomic template matches mRNA)	ENSG00000082641|peak_4|idx10|LEFT|strand+	4	NFE2L1	4	443
ENSG00000082641	peak_4	11	LEFT	TCAGCACAACACTGGGGAG	+	LEFT primer matches mRNA sequence (positive-strand gene: genomic template matches mRNA)	ENSG00000082641|peak_4|idx11|LEFT|strand+	4	NFE2L1	4	792
ENSG00000082641	peak_4	12	LEFT	AGCACAACACTGGGGAGTC	+	LEFT primer matches mRNA sequence (positive-strand gene: genomic template matches mRNA)	ENSG00000082641|peak_4|idx12|LEFT|strand+	4	NFE2L1	4	790
ENSG00000082641	peak_4	13	LEFT	AGAGCACCTCCCCAAACAC	+	LEFT primer matches mRNA sequence (positive-strand gene: genomic template matches mRNA)	ENSG00000082641|peak_4|idx13|LEFT|strand+	4	NFE2L1	4	430
ENSG00000082641	peak_4	14	LEFT	ATGACAGGCTGAGAGCACC	+	LEFT primer matches mRNA sequence (positive-strand gene: genomic template matches mRNA)	ENSG00000082641|peak_4|idx14|LEFT|strand+	4	NFE2L1	4	441
ENSG00000082641	peak_4	15	LEFT	TGAGAGCACCTCCCCAAAC	+	LEFT primer matches mRNA sequence (positive-strand gene: genomic template matches mRNA)	ENSG00000082641|peak_4|idx15|LEFT|strand+	4	NFE2L1	4	432
ENSG00000082641	peak_4	18	LEFT	CAACAACTGGGCTTATCACTGG	+	LEFT primer matches mRNA sequence (positive-strand gene: genomic template matches mRNA)	ENSG00000082641|peak_4|idx18|LEFT|strand+	4	NFE2L1	4	746
ENSG00000082641	peak_4	19	LEFT	CCAACAACTGGGCTTATCACTG	+	LEFT primer matches mRNA sequence (positive-strand gene: genomic template matches mRNA)	ENSG00000082641|peak_4|idx19|LEFT|strand+	4	NFE2L1	4	747
ENSG00000082641	peak_4	1	LEFT	CTGAGAGCACCTCCCCAAAC	+	LEFT primer matches mRNA sequence (positive-strand gene: genomic template matches mRNA)	ENSG00000082641|peak_4|idx1|LEFT|strand+	4	NFE2L1	4	433
ENSG00000082641	peak_4	2	LEFT	CACAACACTGGGGAGTCACC	+	LEFT primer matches mRNA sequence (positive-strand gene: genomic template matches mRNA)	ENSG00000082641|peak_4|idx2|LEFT|strand+	4	NFE2L1	4	788
ENSG00000082641	peak_4	3	LEFT	GAGAGCACCTCCCCAAACAC	+	LEFT primer matches mRNA sequence (positive-strand gene: genomic template matches mRNA)	ENSG00000082641|peak_4|idx3|LEFT|strand+	4	NFE2L1	4	431
ENSG00000082641	peak_4	4	LEFT	TATGACAGGCTGAGAGCACC	+	LEFT primer matches mRNA sequence (positive-strand gene: genomic template matches mRNA)	ENSG00000082641|peak_4|idx4|LEFT|strand+	4	NFE2L1	4	442
ENSG00000082641	peak_4	5	LEFT	CAGCACAACACTGGGGAGTC	+	LEFT primer matches mRNA sequence (positive-strand gene: genomic template matches mRNA)	ENSG00000082641|peak_4|idx5|LEFT|strand+	4	NFE2L1	4	791
ENSG00000082641	peak_4	6	LEFT	ACAACTGGGCTTATCACTGGG	+	LEFT primer matches mRNA sequence (positive-strand gene: genomic template matches mRNA)	ENSG00000082641|peak_4|idx6|LEFT|strand+	4	NFE2L1	4	744
ENSG00000082641	peak_4	9	LEFT	GACAGGCTGAGAGCACCTC	+	LEFT primer matches mRNA sequence (positive-strand gene: genomic template matches mRNA)	ENSG00000082641|peak_4|idx9|LEFT|strand+	4	NFE2L1	4	439
ENSG00000101367	peak_1	0	LEFT	TCTGGTGGTAGCTTGTCCTG	+	LEFT primer matches mRNA sequence (positive-strand gene: genomic template matches mRNA)	ENSG00000101367|peak_1|idx0|LEFT|strand+	1	MAPRE1	1	305
ENSG00000101367	peak_1	10	LEFT	TTTCTGGTGGTAGCTTGTCCTG	+	LEFT primer matches mRNA sequence (positive-strand gene: genomic template matches mRNA)	ENSG00000101367|peak_1|idx10|LEFT|strand+	1	MAPRE1	1	307
ENSG00000101367	peak_1	11	LEFT	GTGCATGCTCTGTGTGGAATTC	+	LEFT primer matches mRNA sequence (positive-strand gene: genomic template matches mRNA)	ENSG00000101367|peak_1|idx11|LEFT|strand+	1	MAPRE1	1	240
ENSG00000101367	peak_1	12	LEFT	TGTTTCTGGTGGTAGCTTGTCC	+	LEFT primer matches mRNA sequence (positive-strand gene: genomic template matches mRNA)	ENSG00000101367|peak_1|idx12|LEFT|strand+	1	MAPRE1	1	309
ENSG00000101367	peak_1	13	LEFT	CCCATTTTCCACCTGGTCTTTC	+	LEFT primer matches mRNA sequence (positive-strand gene: genomic template matches mRNA)	ENSG00000101367|peak_1|idx13|LEFT|strand+	1	MAPRE1	1	82
ENSG00000101367	peak_1	14	LEFT	ATGTTGTGTAGTGCATGCTCTG	+	LEFT primer matches mRNA sequence (positive-strand gene: genomic template matches mRNA)	ENSG00000101367|peak_1|idx14|LEFT|strand+	1	MAPRE1	1	250
ENSG00000101367	peak_1	15	LEFT	GGTGGTAGCTTGTCCTGAAATG	+	LEFT primer matches mRNA sequence (positive-strand gene: genomic template matches mRNA)	ENSG00000101367|peak_1|idx15|LEFT|strand+	1	MAPRE1	1	302
ENSG00000101367	peak_1	16	LEFT	CACCTGGTCTTTCTTGACAGGG	+	LEFT primer matches mRNA sequence (positive-strand gene: genomic template matches mRNA)	ENSG00000101367|peak_1|idx16|LEFT|strand+	1	MAPRE1	1	73
ENSG00000101367	peak_1	17	LEFT	CCACCTGGTCTTTCTTGACAGG	+	LEFT primer matches mRNA sequence (positive-strand gene: genomic template matches mRNA)	ENSG00000101367|peak_1|idx17|LEFT|strand+	1	MAPRE1	1	74
ENSG00000101367	peak_1	1	LEFT	TTCTGGTGGTAGCTTGTCCTG	+	LEFT primer matches mRNA sequence (positive-strand gene: genomic template matches mRNA)	ENSG00000101367|peak_1|idx1|LEFT|strand+	1	MAPRE1	1	306
ENSG00000101367	peak_1	2	LEFT	ACCTGGTCTTTCTTGACAGGG	+	LEFT primer matches mRNA sequence (positive-strand gene: genomic template matches mRNA)	ENSG00000101367|peak_1|idx2|LEFT|strand+	1	MAPRE1	1	72
ENSG00000101367	peak_1	3	LEFT	GTGTAGTGCATGCTCTGTGTG	+	LEFT primer matches mRNA sequence (positive-strand gene: genomic template matches mRNA)	ENSG00000101367|peak_1|idx3|LEFT|strand+	1	MAPRE1	1	245
ENSG00000101367	peak_1	4	LEFT	TGTAGTGCATGCTCTGTGTGG	+	LEFT primer matches mRNA sequence (positive-strand gene: genomic template matches mRNA)	ENSG00000101367|peak_1|idx4|LEFT|strand+	1	MAPRE1	1	244
ENSG00000101367	peak_1	5	LEFT	TGCATGCTCTGTGTGGAATTC	+	LEFT primer matches mRNA sequence (positive-strand gene: genomic template matches mRNA)	ENSG00000101367|peak_1|idx5|LEFT|strand+	1	MAPRE1	1	239
ENSG00000101367	peak_1	6	LEFT	GAACCCATTTTCCACCTGGTC	+	LEFT primer matches mRNA sequence (positive-strand gene: genomic template matches mRNA)	ENSG00000101367|peak_1|idx6|LEFT|strand+	1	MAPRE1	1	85
ENSG00000101367	peak_1	7	LEFT	GTTGTGTAGTGCATGCTCTGTG	+	LEFT primer matches mRNA sequence (positive-strand gene: genomic template matches mRNA)	ENSG00000101367|peak_1|idx7|LEFT|strand+	1	MAPRE1	1	248
ENSG00000101367	peak_1	8	LEFT	TCCACCTGGTCTTTCTTGACAG	+	LEFT primer matches mRNA sequence (positive-strand gene: genomic template matches mRNA)	ENSG00000101367|peak_1|idx8|LEFT|strand+	1	MAPRE1	1	75
ENSG00000101367	peak_1	9	LEFT	GCATGCTCTGTGTGGAATTCAG	+	LEFT primer matches mRNA sequence (positive-strand gene: genomic template matches mRNA)	ENSG00000101367|peak_1|idx9|LEFT|strand+	1	MAPRE1	1	238
ENSG00000101367	peak_2	0	LEFT	CTGGTGTGGTGCGAAAGAAC	+	LEFT primer matches mRNA sequence (positive-strand gene: genomic template matches mRNA)	ENSG00000101367|peak_2|idx0|LEFT|strand+	2	MAPRE1P1	1	271
ENSG00000101367	peak_2	4	LEFT	GTGCGAAAGAACCCTGGTG	+	LEFT primer matches mRNA sequence (positive-strand gene: genomic template matches mRNA)	ENSG00000101367|peak_2|idx4|LEFT|strand+	2	MAPRE1P2	1	265
ENSG00000101367	peak_3	0	LEFT	ACAGCTCTCCACTGTAATCCG	+	LEFT primer matches mRNA sequence (positive-strand gene: genomic template matches mRNA)	ENSG00000101367|peak_3|idx0|LEFT|strand+	1	MAPRE1	1	580
ENSG00000101367	peak_3	1	LEFT	TGGGGTGTTTTCGGTATCTGC	+	LEFT primer matches mRNA sequence (positive-strand gene: genomic template matches mRNA)	ENSG00000101367|peak_3|idx1|LEFT|strand+	1	MAPRE1	1	606
ENSG00000101367	peak_3	2	LEFT	GGGTGTTTTCGGTATCTGCTG	+	LEFT primer matches mRNA sequence (positive-strand gene: genomic template matches mRNA)	ENSG00000101367|peak_3|idx2|LEFT|strand+	1	MAPRE1	1	604
ENSG00000101367	peak_3	3	LEFT	AGGCTGGGGTGTTTTCGG	+	LEFT primer matches mRNA sequence (positive-strand gene: genomic template matches mRNA)	ENSG00000101367|peak_3|idx3|LEFT|strand+	1	MAPRE1	1	610
ENSG00000101367	peak_3	4	LEFT	GCGGAAAATACAGTACCGTGTC	+	LEFT primer matches mRNA sequence (positive-strand gene: genomic template matches mRNA)	ENSG00000101367|peak_3|idx4|LEFT|strand+	1	MAPRE1	1	486
ENSG00000101367	peak_3	5	LEFT	GCCAGTGCACTAATCTCTTTGG	+	LEFT primer matches mRNA sequence (positive-strand gene: genomic template matches mRNA)	ENSG00000101367|peak_3|idx5|LEFT|strand+	1	MAPRE1	1	551
ENSG00000101367	peak_3	6	LEFT	AATCCGAATACTTTGCCAGTGC	+	LEFT primer matches mRNA sequence (positive-strand gene: genomic template matches mRNA)	ENSG00000101367|peak_3|idx6|LEFT|strand+	1	MAPRE1	1	565
ENSG00000101367	peak_3	7	LEFT	TCACAGCTCTCCACTGTAATCC	+	LEFT primer matches mRNA sequence (positive-strand gene: genomic template matches mRNA)	ENSG00000101367|peak_3|idx7|LEFT|strand+	1	MAPRE1	1	582
ENSG00000101367	peak_3	8	LEFT	CACAGCTCTCCACTGTAATCCG	+	LEFT primer matches mRNA sequence (positive-strand gene: genomic template matches mRNA)	ENSG00000101367|peak_3|idx8|LEFT|strand+	1	MAPRE1	1	581
ENSG00000101367	peak_3	9	LEFT	TTGCGGAAAATACAGTACCGTG	+	LEFT primer matches mRNA sequence (positive-strand gene: genomic template matches mRNA)	ENSG00000101367|peak_3|idx9|LEFT|strand+	1	MAPRE1	1	488
ENSG00000108960	peak_1	0	LEFT	TGCCTTTAGATCGGGTGCTG	-	LEFT primer matches mRNA sequence (negative-strand gene: genomic template matches mRNA)	ENSG00000108960|peak_1|idx0|LEFT|strand-	2	MMD	2	406
ENSG00000108960	peak_1	10	LEFT	ATCGGGTGCTGATATTGCCTG	-	LEFT primer matches mRNA sequence (negative-strand gene: genomic template matches mRNA)	ENSG00000108960|peak_1|idx10|LEFT|strand-	2	MMD	2	397
ENSG00000108960	peak_1	11	LEFT	CCTGTTTGGTGCCCAATGG	-	LEFT primer matches mRNA sequence (negative-strand gene: genomic template matches mRNA)	ENSG00000108960|peak_1|idx11|LEFT|strand-	2	MMD	2	757
ENSG00000108960	peak_1	12	LEFT	TTGCCTTTAGATCGGGTGCTG	-	LEFT primer matches mRNA sequence (negative-strand gene: genomic template matches mRNA)	ENSG00000108960|peak_1|idx12|LEFT|strand-	2	MMD	2	407
ENSG00000108960	peak_1	13	LEFT	AAGAAGTGGTATTTGCTGGCG	-	LEFT primer matches mRNA sequence (negative-strand gene: genomic template matches mRNA)	ENSG00000108960|peak_1|idx13|LEFT|strand-	2	MMD	2	218
ENSG00000108960	peak_1	14	LEFT	TAGATCGGGTGCTGATATTGCC	-	LEFT primer matches mRNA sequence (negative-strand gene: genomic template matches mRNA)	ENSG00000108960|peak_1|idx14|LEFT|strand-	2	MMD	2	400
ENSG00000108960	peak_1	15	LEFT	GCTGGCGAGTTAAATAGGCAAG	-	LEFT primer matches mRNA sequence (negative-strand gene: genomic template matches mRNA)	ENSG00000108960|peak_1|idx15|LEFT|strand-	2	MMD	2	204
ENSG00000108960	peak_1	16	LEFT	AGTTGTATTGCCTGTTTGGTGC	-	LEFT primer matches mRNA sequence (negative-strand gene: genomic template matches mRNA)	ENSG00000108960|peak_1|idx16|LEFT|strand-	2	MMD	2	767
ENSG00000108960	peak_1	17	LEFT	ATAGGCTTGCCTTTAGATCGGG	-	LEFT primer matches mRNA sequence (negative-strand gene: genomic template matches mRNA)	ENSG00000108960|peak_1|idx17|LEFT|strand-	2	MMD	2	413
ENSG00000108960	peak_1	18	LEFT	GGTGCTGATATTGCCTGTTTCC	-	LEFT primer matches mRNA sequence (negative-strand gene: genomic template matches mRNA)	ENSG00000108960|peak_1|idx18|LEFT|strand-	2	MMD	2	393
ENSG00000108960	peak_1	19	LEFT	GGGTGCTGATATTGCCTGTTTC	-	LEFT primer matches mRNA sequence (negative-strand gene: genomic template matches mRNA)	ENSG00000108960|peak_1|idx19|LEFT|strand-	2	MMD	2	394
ENSG00000108960	peak_1	1	LEFT	TCGGGTGCTGATATTGCCTG	-	LEFT primer matches mRNA sequence (negative-strand gene: genomic template matches mRNA)	ENSG00000108960|peak_1|idx1|LEFT|strand-	2	MMD	2	396
ENSG00000108960	peak_1	2	LEFT	AGGCTTGCCTTTAGATCGGG	-	LEFT primer matches mRNA sequence (negative-strand gene: genomic template matches mRNA)	ENSG00000108960|peak_1|idx2|LEFT|strand-	2	MMD	2	411
ENSG00000108960	peak_1	3	LEFT	GTATTGCCTGTTTGGTGCCC	-	LEFT primer matches mRNA sequence (negative-strand gene: genomic template matches mRNA)	ENSG00000108960|peak_1|idx3|LEFT|strand-	2	MMD	2	763
ENSG00000108960	peak_1	4	LEFT	TGTATTGCCTGTTTGGTGCC	-	LEFT primer matches mRNA sequence (negative-strand gene: genomic template matches mRNA)	ENSG00000108960|peak_1|idx4|LEFT|strand-	2	MMD	2	764
ENSG00000108960	peak_1	5	LEFT	GCCTGTTTGGTGCCCAATG	-	LEFT primer matches mRNA sequence (negative-strand gene: genomic template matches mRNA)	ENSG00000108960|peak_1|idx5|LEFT|strand-	2	MMD	2	758
ENSG00000108960	peak_1	6	LEFT	AGATCGGGTGCTGATATTGCC	-	LEFT primer matches mRNA sequence (negative-strand gene: genomic template matches mRNA)	ENSG00000108960|peak_1|idx6|LEFT|strand-	2	MMD	2	399
ENSG00000108960	peak_1	7	LEFT	TTGTATTGCCTGTTTGGTGCC	-	LEFT primer matches mRNA sequence (negative-strand gene: genomic template matches mRNA)	ENSG00000108960|peak_1|idx7|LEFT|strand-	2	MMD	2	765
ENSG00000108960	peak_1	8	LEFT	GAAGTGGTATTTGCTGGCGAG	-	LEFT primer matches mRNA sequence (negative-strand gene: genomic template matches mRNA)	ENSG00000108960|peak_1|idx8|LEFT|strand-	2	MMD	2	216
ENSG00000108960	peak_1	9	LEFT	TAGGCTTGCCTTTAGATCGGG	-	LEFT primer matches mRNA sequence (negative-strand gene: genomic template matches mRNA)	ENSG00000108960|peak_1|idx9|LEFT|strand-	2	MMD	2	412
ENSG00000108960	peak_3	0	LEFT	TGCCTTTAGATCGGGTGCTG	-	LEFT primer matches mRNA sequence (negative-strand gene: genomic template matches mRNA)	ENSG00000108960|peak_3|idx0|LEFT|strand-	2	MMD	2	406
ENSG00000108960	peak_3	10	LEFT	ATCGGGTGCTGATATTGCCTG	-	LEFT primer matches mRNA sequence (negative-strand gene: genomic template matches mRNA)	ENSG00000108960|peak_3|idx10|LEFT|strand-	2	MMD	2	397
ENSG00000108960	peak_3	11	LEFT	CCTGTTTGGTGCCCAATGG	-	LEFT primer matches mRNA sequence (negative-strand gene: genomic template matches mRNA)	ENSG00000108960|peak_3|idx11|LEFT|strand-	2	MMD	2	757
ENSG00000108960	peak_3	12	LEFT	TTGCCTTTAGATCGGGTGCTG	-	LEFT primer matches mRNA sequence (negative-strand gene: genomic template matches mRNA)	ENSG00000108960|peak_3|idx12|LEFT|strand-	2	MMD	2	407
ENSG00000108960	peak_3	13	LEFT	AAGAAGTGGTATTTGCTGGCG	-	LEFT primer matches mRNA sequence (negative-strand gene: genomic template matches mRNA)	ENSG00000108960|peak_3|idx13|LEFT|strand-	2	MMD	2	218
ENSG00000108960	peak_3	14	LEFT	TAGATCGGGTGCTGATATTGCC	-	LEFT primer matches mRNA sequence (negative-strand gene: genomic template matches mRNA)	ENSG00000108960|peak_3|idx14|LEFT|strand-	2	MMD	2	400
ENSG00000108960	peak_3	15	LEFT	GCTGGCGAGTTAAATAGGCAAG	-	LEFT primer matches mRNA sequence (negative-strand gene: genomic template matches mRNA)	ENSG00000108960|peak_3|idx15|LEFT|strand-	2	MMD	2	204
ENSG00000108960	peak_3	16	LEFT	AGTTGTATTGCCTGTTTGGTGC	-	LEFT primer matches mRNA sequence (negative-strand gene: genomic template matches mRNA)	ENSG00000108960|peak_3|idx16|LEFT|strand-	2	MMD	2	767
ENSG00000108960	peak_3	17	LEFT	ATAGGCTTGCCTTTAGATCGGG	-	LEFT primer matches mRNA sequence (negative-strand gene: genomic template matches mRNA)	ENSG00000108960|peak_3|idx17|LEFT|strand-	2	MMD	2	413
ENSG00000108960	peak_3	18	LEFT	GGTGCTGATATTGCCTGTTTCC	-	LEFT primer matches mRNA sequence (negative-strand gene: genomic template matches mRNA)	ENSG00000108960|peak_3|idx18|LEFT|strand-	2	MMD	2	393
ENSG00000108960	peak_3	19	LEFT	GGGTGCTGATATTGCCTGTTTC	-	LEFT primer matches mRNA sequence (negative-strand gene: genomic template matches mRNA)	ENSG00000108960|peak_3|idx19|LEFT|strand-	2	MMD	2	394
ENSG00000108960	peak_3	1	LEFT	TCGGGTGCTGATATTGCCTG	-	LEFT primer matches mRNA sequence (negative-strand gene: genomic template matches mRNA)	ENSG00000108960|peak_3|idx1|LEFT|strand-	2	MMD	2	396
ENSG00000108960	peak_3	2	LEFT	AGGCTTGCCTTTAGATCGGG	-	LEFT primer matches mRNA sequence (negative-strand gene: genomic template matches mRNA)	ENSG00000108960|peak_3|idx2|LEFT|strand-	2	MMD	2	411
ENSG00000108960	peak_3	3	LEFT	GTATTGCCTGTTTGGTGCCC	-	LEFT primer matches mRNA sequence (negative-strand gene: genomic template matches mRNA)	ENSG00000108960|peak_3|idx3|LEFT|strand-	2	MMD	2	763
ENSG00000108960	peak_3	4	LEFT	TGTATTGCCTGTTTGGTGCC	-	LEFT primer matches mRNA sequence (negative-strand gene: genomic template matches mRNA)	ENSG00000108960|peak_3|idx4|LEFT|strand-	2	MMD	2	764
ENSG00000108960	peak_3	5	LEFT	GCCTGTTTGGTGCCCAATG	-	LEFT primer matches mRNA sequence (negative-strand gene: genomic template matches mRNA)	ENSG00000108960|peak_3|idx5|LEFT|strand-	2	MMD	2	758
ENSG00000108960	peak_3	6	LEFT	AGATCGGGTGCTGATATTGCC	-	LEFT primer matches mRNA sequence (negative-strand gene: genomic template matches mRNA)	ENSG00000108960|peak_3|idx6|LEFT|strand-	2	MMD	2	399
ENSG00000108960	peak_3	7	LEFT	TTGTATTGCCTGTTTGGTGCC	-	LEFT primer matches mRNA sequence (negative-strand gene: genomic template matches mRNA)	ENSG00000108960|peak_3|idx7|LEFT|strand-	2	MMD	2	765
ENSG00000108960	peak_3	8	LEFT	GAAGTGGTATTTGCTGGCGAG	-	LEFT primer matches mRNA sequence (negative-strand gene: genomic template matches mRNA)	ENSG00000108960|peak_3|idx8|LEFT|strand-	2	MMD	2	216
ENSG00000108960	peak_3	9	LEFT	TAGGCTTGCCTTTAGATCGGG	-	LEFT primer matches mRNA sequence (negative-strand gene: genomic template matches mRNA)	ENSG00000108960|peak_3|idx9|LEFT|strand-	2	MMD	2	412
ENSG00000112078	peak_1	10	LEFT	TGTGTTCTGGGTGGGATCAC	+	LEFT primer matches mRNA sequence (positive-strand gene: genomic template matches mRNA)	ENSG00000112078|peak_1|idx10|LEFT|strand+	2	KCTD20	2	177
ENSG00000112078	peak_1	12	LEFT	CAGTGCCACTTCTTGCCATC	+	LEFT primer matches mRNA sequence (positive-strand gene: genomic template matches mRNA)	ENSG00000112078|peak_1|idx12|LEFT|strand+	2	KCTD20	2	273
ENSG00000112078	peak_1	14	LEFT	TTCATGGGAGATGGAGCCAC	+	LEFT primer matches mRNA sequence (positive-strand gene: genomic template matches mRNA)	ENSG00000112078|peak_1|idx14|LEFT|strand+	2	KCTD20	2	200
ENSG00000112078	peak_1	19	LEFT	TTTCATGGGAGATGGAGCCAC	+	LEFT primer matches mRNA sequence (positive-strand gene: genomic template matches mRNA)	ENSG00000112078|peak_1|idx19|LEFT|strand+	2	KCTD20	2	201
ENSG00000112078	peak_1	2	LEFT	GGTGGGATCACTAGTGCAGG	+	LEFT primer matches mRNA sequence (positive-strand gene: genomic template matches mRNA)	ENSG00000112078|peak_1|idx2|LEFT|strand+	2	KCTD20	2	168
ENSG00000112078	peak_1	3	LEFT	GGGTGGGATCACTAGTGCAG	+	LEFT primer matches mRNA sequence (positive-strand gene: genomic template matches mRNA)	ENSG00000112078|peak_1|idx3|LEFT|strand+	2	KCTD20	2	169
ENSG00000112078	peak_1	4	LEFT	CTGGGTGGGATCACTAGTGC	+	LEFT primer matches mRNA sequence (positive-strand gene: genomic template matches mRNA)	ENSG00000112078|peak_1|idx4|LEFT|strand+	2	KCTD20	2	171
ENSG00000112078	peak_1	6	LEFT	GTGCCACTTCTTGCCATCAC	+	LEFT primer matches mRNA sequence (positive-strand gene: genomic template matches mRNA)	ENSG00000112078|peak_1|idx6|LEFT|strand+	2	KCTD20	2	271
ENSG00000112078	peak_2	10	LEFT	TGTGTTCTGGGTGGGATCAC	+	LEFT primer matches mRNA sequence (positive-strand gene: genomic template matches mRNA)	ENSG00000112078|peak_2|idx10|LEFT|strand+	2	KCTD20	2	177
ENSG00000112078	peak_2	12	LEFT	CAGTGCCACTTCTTGCCATC	+	LEFT primer matches mRNA sequence (positive-strand gene: genomic template matches mRNA)	ENSG00000112078|peak_2|idx12|LEFT|strand+	2	KCTD20	2	273
ENSG00000112078	peak_2	14	LEFT	TTCATGGGAGATGGAGCCAC	+	LEFT primer matches mRNA sequence (positive-strand gene: genomic template matches mRNA)	ENSG00000112078|peak_2|idx14|LEFT|strand+	2	KCTD20	2	200
ENSG00000112078	peak_2	19	LEFT	TTTCATGGGAGATGGAGCCAC	+	LEFT primer matches mRNA sequence (positive-strand gene: genomic template matches mRNA)	ENSG00000112078|peak_2|idx19|LEFT|strand+	2	KCTD20	2	201
ENSG00000112078	peak_2	2	LEFT	GGTGGGATCACTAGTGCAGG	+	LEFT primer matches mRNA sequence (positive-strand gene: genomic template matches mRNA)	ENSG00000112078|peak_2|idx2|LEFT|strand+	2	KCTD20	2	168
ENSG00000112078	peak_2	3	LEFT	GGGTGGGATCACTAGTGCAG	+	LEFT primer matches mRNA sequence (positive-strand gene: genomic template matches mRNA)	ENSG00000112078|peak_2|idx3|LEFT|strand+	2	KCTD20	2	169
ENSG00000112078	peak_2	4	LEFT	CTGGGTGGGATCACTAGTGC	+	LEFT primer matches mRNA sequence (positive-strand gene: genomic template matches mRNA)	ENSG00000112078|peak_2|idx4|LEFT|strand+	2	KCTD20	2	171
ENSG00000112078	peak_2	6	LEFT	GTGCCACTTCTTGCCATCAC	+	LEFT primer matches mRNA sequence (positive-strand gene: genomic template matches mRNA)	ENSG00000112078|peak_2|idx6|LEFT|strand+	2	KCTD20	2	271
ENSG00000125458	peak_1	0	LEFT	GAGTGGAGCAGGCAGATACC	-	LEFT primer matches mRNA sequence (negative-strand gene: genomic template matches mRNA)	ENSG00000125458|peak_1|idx0|LEFT|strand-	7	NT5C	7	50
ENSG00000125458	peak_1	10	LEFT	GTGGAGCAGGCAGATACCG	-	LEFT primer matches mRNA sequence (negative-strand gene: genomic template matches mRNA)	ENSG00000125458|peak_1|idx10|LEFT|strand-	7	NT5C	7	48
ENSG00000125458	peak_1	12	LEFT	AGCTAAAGGAAGGGCAGGC	-	LEFT primer matches mRNA sequence (negative-strand gene: genomic template matches mRNA)	ENSG00000125458|peak_1|idx12|LEFT|strand-	14	NT5C	9	26
ENSG00000125458	peak_1	14	LEFT	GGCTGGCATGGAAATACAGTG	-	LEFT primer matches mRNA sequence (negative-strand gene: genomic template matches mRNA)	ENSG00000125458|peak_1|idx14|LEFT|strand-	6	NT5C	6	21
ENSG00000125458	peak_1	15	LEFT	CTGGAGCTAAAGGAAGGGCAG	-	LEFT primer matches mRNA sequence (negative-strand gene: genomic template matches mRNA)	ENSG00000125458|peak_1|idx15|LEFT|strand-	9	NT5C	9	30
ENSG00000125458	peak_1	16	LEFT	TGGGAAAACCAGTCGGGAC	-	LEFT primer matches mRNA sequence (negative-strand gene: genomic template matches mRNA)	ENSG00000125458|peak_1|idx16|LEFT|strand-	5	NT5C	5	43
ENSG00000125458	peak_1	17	LEFT	AGCAGGCAGATACCGTTAAGC	-	LEFT primer matches mRNA sequence (negative-strand gene: genomic template matches mRNA)	ENSG00000125458|peak_1|idx17|LEFT|strand-	7	NT5C	7	44
ENSG00000125458	peak_1	18	LEFT	CAGATACCGTTAAGCGCTGTG	-	LEFT primer matches mRNA sequence (negative-strand gene: genomic template matches mRNA)	ENSG00000125458|peak_1|idx18|LEFT|strand-	7	NT5C	7	38
ENSG00000125458	peak_1	19	LEFT	CTGGCTGGCATGGAAATACAG	-	LEFT primer matches mRNA sequence (negative-strand gene: genomic template matches mRNA)	ENSG00000125458|peak_1|idx19|LEFT|strand-	6	NT5C	6	23
ENSG00000125458	peak_1	1	LEFT	GGAGTGGAGCAGGCAGATAC	-	LEFT primer matches mRNA sequence (negative-strand gene: genomic template matches mRNA)	ENSG00000125458|peak_1|idx1|LEFT|strand-	8	NT5C	8	20
ENSG00000125458	peak_1	2	LEFT	GGAGCTAAAGGAAGGGCAGG	-	LEFT primer matches mRNA sequence (negative-strand gene: genomic template matches mRNA)	ENSG00000125458|peak_1|idx2|LEFT|strand-	14	NT5C	9	28
ENSG00000125458	peak_1	3	LEFT	GATACCGTTAAGCGCTGTGC	-	LEFT primer matches mRNA sequence (negative-strand gene: genomic template matches mRNA)	ENSG00000125458|peak_1|idx3|LEFT|strand-	7	NT5C	7	36
ENSG00000125458	peak_1	4	LEFT	AGGCAGATACCGTTAAGCGC	-	LEFT primer matches mRNA sequence (negative-strand gene: genomic template matches mRNA)	ENSG00000125458|peak_1|idx4|LEFT|strand-	7	NT5C	7	41
ENSG00000125458	peak_1	5	LEFT	GCAGATACCGTTAAGCGCTG	-	LEFT primer matches mRNA sequence (negative-strand gene: genomic template matches mRNA)	ENSG00000125458|peak_1|idx5|LEFT|strand-	7	NT5C	7	39
ENSG00000125458	peak_1	7	LEFT	GAGCTAAAGGAAGGGCAGGC	-	LEFT primer matches mRNA sequence (negative-strand gene: genomic template matches mRNA)	ENSG00000125458|peak_1|idx7|LEFT|strand-	14	NT5C	9	27
ENSG00000125458	peak_1	8	LEFT	GCTGGAGCTAAAGGAAGGGC	-	LEFT primer matches mRNA sequence (negative-strand gene: genomic template matches mRNA)	ENSG00000125458|peak_1|idx8|LEFT|strand-	9	NT5C	9	31
ENSG00000125458	peak_1	9	LEFT	GCAGGCAGATACCGTTAAGC	-	LEFT primer matches mRNA sequence (negative-strand gene: genomic template matches mRNA)	ENSG00000125458|peak_1|idx9|LEFT|strand-	7	NT5C	7	43
ENSG00000125458	peak_2	0	LEFT	GAGTGGAGCAGGCAGATACC	-	LEFT primer matches mRNA sequence (negative-strand gene: genomic template matches mRNA)	ENSG00000125458|peak_2|idx0|LEFT|strand-	7	NT5C	7	50
ENSG00000125458	peak_2	10	LEFT	GTGGAGCAGGCAGATACCG	-	LEFT primer matches mRNA sequence (negative-strand gene: genomic template matches mRNA)	ENSG00000125458|peak_2|idx10|LEFT|strand-	7	NT5C	7	48
ENSG00000125458	peak_2	12	LEFT	AGCTAAAGGAAGGGCAGGC	-	LEFT primer matches mRNA sequence (negative-strand gene: genomic template matches mRNA)	ENSG00000125458|peak_2|idx12|LEFT|strand-	14	NT5C	9	26
ENSG00000125458	peak_2	14	LEFT	GGCTGGCATGGAAATACAGTG	-	LEFT primer matches mRNA sequence (negative-strand gene: genomic template matches mRNA)	ENSG00000125458|peak_2|idx14|LEFT|strand-	6	NT5C	6	21
ENSG00000125458	peak_2	15	LEFT	CTGGAGCTAAAGGAAGGGCAG	-	LEFT primer matches mRNA sequence (negative-strand gene: genomic template matches mRNA)	ENSG00000125458|peak_2|idx15|LEFT|strand-	9	NT5C	9	30
ENSG00000125458	peak_2	16	LEFT	TGGGAAAACCAGTCGGGAC	-	LEFT primer matches mRNA sequence (negative-strand gene: genomic template matches mRNA)	ENSG00000125458|peak_2|idx16|LEFT|strand-	5	NT5C	5	43
ENSG00000125458	peak_2	17	LEFT	AGCAGGCAGATACCGTTAAGC	-	LEFT primer matches mRNA sequence (negative-strand gene: genomic template matches mRNA)	ENSG00000125458|peak_2|idx17|LEFT|strand-	7	NT5C	7	44
ENSG00000125458	peak_2	18	LEFT	CAGATACCGTTAAGCGCTGTG	-	LEFT primer matches mRNA sequence (negative-strand gene: genomic template matches mRNA)	ENSG00000125458|peak_2|idx18|LEFT|strand-	7	NT5C	7	38
ENSG00000125458	peak_2	19	LEFT	CTGGCTGGCATGGAAATACAG	-	LEFT primer matches mRNA sequence (negative-strand gene: genomic template matches mRNA)	ENSG00000125458|peak_2|idx19|LEFT|strand-	6	NT5C	6	23
ENSG00000125458	peak_2	1	LEFT	GGAGTGGAGCAGGCAGATAC	-	LEFT primer matches mRNA sequence (negative-strand gene: genomic template matches mRNA)	ENSG00000125458|peak_2|idx1|LEFT|strand-	8	NT5C	8	20
ENSG00000125458	peak_2	2	LEFT	GGAGCTAAAGGAAGGGCAGG	-	LEFT primer matches mRNA sequence (negative-strand gene: genomic template matches mRNA)	ENSG00000125458|peak_2|idx2|LEFT|strand-	14	NT5C	9	28
ENSG00000125458	peak_2	3	LEFT	GATACCGTTAAGCGCTGTGC	-	LEFT primer matches mRNA sequence (negative-strand gene: genomic template matches mRNA)	ENSG00000125458|peak_2|idx3|LEFT|strand-	7	NT5C	7	36
ENSG00000125458	peak_2	4	LEFT	AGGCAGATACCGTTAAGCGC	-	LEFT primer matches mRNA sequence (negative-strand gene: genomic template matches mRNA)	ENSG00000125458|peak_2|idx4|LEFT|strand-	7	NT5C	7	41
ENSG00000125458	peak_2	5	LEFT	GCAGATACCGTTAAGCGCTG	-	LEFT primer matches mRNA sequence (negative-strand gene: genomic template matches mRNA)	ENSG00000125458|peak_2|idx5|LEFT|strand-	7	NT5C	7	39
ENSG00000125458	peak_2	7	LEFT	GAGCTAAAGGAAGGGCAGGC	-	LEFT primer matches mRNA sequence (negative-strand gene: genomic template matches mRNA)	ENSG00000125458|peak_2|idx7|LEFT|strand-	14	NT5C	9	27
ENSG00000125458	peak_2	8	LEFT	GCTGGAGCTAAAGGAAGGGC	-	LEFT primer matches mRNA sequence (negative-strand gene: genomic template matches mRNA)	ENSG00000125458|peak_2|idx8|LEFT|strand-	9	NT5C	9	31
ENSG00000125458	peak_2	9	LEFT	GCAGGCAGATACCGTTAAGC	-	LEFT primer matches mRNA sequence (negative-strand gene: genomic template matches mRNA)	ENSG00000125458|peak_2|idx9|LEFT|strand-	7	NT5C	7	43
ENSG00000133612	peak_1	0	LEFT	TCTGCCCTAAGGTGCCATTG	+	LEFT primer matches mRNA sequence (positive-strand gene: genomic template matches mRNA)	ENSG00000133612|peak_1|idx0|LEFT|strand+	5	AGAP3	5	285
ENSG00000133612	peak_1	11	LEFT	CGAGGGGTGATCTGTGAGTC	+	LEFT primer matches mRNA sequence (positive-strand gene: genomic template matches mRNA)	ENSG00000133612|peak_1|idx11|LEFT|strand+	5	AGAP3	5	110
ENSG00000133612	peak_1	12	LEFT	GACGAGGGGTGATCTGTGAG	+	LEFT primer matches mRNA sequence (positive-strand gene: genomic template matches mRNA)	ENSG00000133612|peak_1|idx12|LEFT|strand+	5	AGAP3	5	112
ENSG00000133612	peak_1	15	LEFT	GTTGGGGATTTGAGCTGCAG	+	LEFT primer matches mRNA sequence (positive-strand gene: genomic template matches mRNA)	ENSG00000133612|peak_1|idx15|LEFT|strand+	5	AGAP3	5	330
ENSG00000133612	peak_1	16	LEFT	AAGAGGACGGCACCAAGTTG	+	LEFT primer matches mRNA sequence (positive-strand gene: genomic template matches mRNA)	ENSG00000133612|peak_1|idx16|LEFT|strand+	6	AGAP3	5	150
ENSG00000133612	peak_1	17	LEFT	GGGATCAAGGAGAGTTGGGG	+	LEFT primer matches mRNA sequence (positive-strand gene: genomic template matches mRNA)	ENSG00000133612|peak_1|idx17|LEFT|strand+	5	AGAP3	5	343
ENSG00000133612	peak_1	19	LEFT	AGGGGTGATCTGTGAGTCCC	+	LEFT primer matches mRNA sequence (positive-strand gene: genomic template matches mRNA)	ENSG00000133612|peak_1|idx19|LEFT|strand+	5	AGAP3	5	108
ENSG00000133612	peak_1	1	LEFT	TGAAACAGGAAGAGGACGGC	+	LEFT primer matches mRNA sequence (positive-strand gene: genomic template matches mRNA)	ENSG00000133612|peak_1|idx1|LEFT|strand+	5	AGAP3	5	159
ENSG00000133612	peak_1	3	LEFT	CTGAGAGGACGAAGCCAAGG	+	LEFT primer matches mRNA sequence (positive-strand gene: genomic template matches mRNA)	ENSG00000133612|peak_1|idx3|LEFT|strand+	5	AGAP3	5	384
ENSG00000133612	peak_1	4	LEFT	ACATGCTGAGAGGACGAAGC	+	LEFT primer matches mRNA sequence (positive-strand gene: genomic template matches mRNA)	ENSG00000133612|peak_1|idx4|LEFT|strand+	5	AGAP3	5	389
ENSG00000133612	peak_1	8	LEFT	TCCAGATCCCTGCCTCCTAG	+	LEFT primer matches mRNA sequence (positive-strand gene: genomic template matches mRNA)	ENSG00000133612|peak_1|idx8|LEFT|strand+	5	AGAP3	5	205
ENSG00000133612	peak_1	9	LEFT	AAACAGGAAGAGGACGGCAC	+	LEFT primer matches mRNA sequence (positive-strand gene: genomic template matches mRNA)	ENSG00000133612|peak_1|idx9|LEFT|strand+	5	AGAP3	5	157
ENSG00000133612	peak_2	0	LEFT	TCTGCCCTAAGGTGCCATTG	+	LEFT primer matches mRNA sequence (positive-strand gene: genomic template matches mRNA)	ENSG00000133612|peak_2|idx0|LEFT|strand+	5	AGAP3	5	285
ENSG00000133612	peak_2	11	LEFT	CGAGGGGTGATCTGTGAGTC	+	LEFT primer matches mRNA sequence (positive-strand gene: genomic template matches mRNA)	ENSG00000133612|peak_2|idx11|LEFT|strand+	5	AGAP3	5	110
ENSG00000133612	peak_2	12	LEFT	GACGAGGGGTGATCTGTGAG	+	LEFT primer matches mRNA sequence (positive-strand gene: genomic template matches mRNA)	ENSG00000133612|peak_2|idx12|LEFT|strand+	5	AGAP3	5	112
ENSG00000133612	peak_2	15	LEFT	GTTGGGGATTTGAGCTGCAG	+	LEFT primer matches mRNA sequence (positive-strand gene: genomic template matches mRNA)	ENSG00000133612|peak_2|idx15|LEFT|strand+	5	AGAP3	5	330
ENSG00000133612	peak_2	16	LEFT	AAGAGGACGGCACCAAGTTG	+	LEFT primer matches mRNA sequence (positive-strand gene: genomic template matches mRNA)	ENSG00000133612|peak_2|idx16|LEFT|strand+	6	AGAP3	5	150
ENSG00000133612	peak_2	17	LEFT	GGGATCAAGGAGAGTTGGGG	+	LEFT primer matches mRNA sequence (positive-strand gene: genomic template matches mRNA)	ENSG00000133612|peak_2|idx17|LEFT|strand+	5	AGAP3	5	343
ENSG00000133612	peak_2	19	LEFT	AGGGGTGATCTGTGAGTCCC	+	LEFT primer matches mRNA sequence (positive-strand gene: genomic template matches mRNA)	ENSG00000133612|peak_2|idx19|LEFT|strand+	5	AGAP3	5	108
ENSG00000133612	peak_2	1	LEFT	TGAAACAGGAAGAGGACGGC	+	LEFT primer matches mRNA sequence (positive-strand gene: genomic template matches mRNA)	ENSG00000133612|peak_2|idx1|LEFT|strand+	5	AGAP3	5	159
ENSG00000133612	peak_2	3	LEFT	CTGAGAGGACGAAGCCAAGG	+	LEFT primer matches mRNA sequence (positive-strand gene: genomic template matches mRNA)	ENSG00000133612|peak_2|idx3|LEFT|strand+	5	AGAP3	5	384
ENSG00000133612	peak_2	4	LEFT	ACATGCTGAGAGGACGAAGC	+	LEFT primer matches mRNA sequence (positive-strand gene: genomic template matches mRNA)	ENSG00000133612|peak_2|idx4|LEFT|strand+	5	AGAP3	5	389
ENSG00000133612	peak_2	8	LEFT	TCCAGATCCCTGCCTCCTAG	+	LEFT primer matches mRNA sequence (positive-strand gene: genomic template matches mRNA)	ENSG00000133612|peak_2|idx8|LEFT|strand+	5	AGAP3	5	205
ENSG00000133612	peak_2	9	LEFT	AAACAGGAAGAGGACGGCAC	+	LEFT primer matches mRNA sequence (positive-strand gene: genomic template matches mRNA)	ENSG00000133612|peak_2|idx9|LEFT|strand+	5	AGAP3	5	157
ENSG00000133612	peak_3	0	LEFT	GTGGTCTCAGTTCCTTCCCG	+	LEFT primer matches mRNA sequence (positive-strand gene: genomic template matches mRNA)	ENSG00000133612|peak_3|idx0|LEFT|strand+	1	AGAP3	1	665
ENSG00000133612	peak_3	10	LEFT	CTCGTGGTCTCAGTTCCTTCC	+	LEFT primer matches mRNA sequence (positive-strand gene: genomic template matches mRNA)	ENSG00000133612|peak_3|idx10|LEFT|strand+	1	AGAP3	1	668
ENSG00000133612	peak_3	11	LEFT	TGCTGCTCTGTATGGTGCC	+	LEFT primer matches mRNA sequence (positive-strand gene: genomic template matches mRNA)	ENSG00000133612|peak_3|idx11|LEFT|strand+	3	AGAP3	3	45
ENSG00000133612	peak_3	12	LEFT	TGCTCTGTATGGTGCCGTG	+	LEFT primer matches mRNA sequence (positive-strand gene: genomic template matches mRNA)	ENSG00000133612|peak_3|idx12|LEFT|strand+	3	AGAP3	3	42
ENSG00000133612	peak_3	13	LEFT	AACCCGTTGGAATACTCGTGG	+	LEFT primer matches mRNA sequence (positive-strand gene: genomic template matches mRNA)	ENSG00000133612|peak_3|idx13|LEFT|strand+	1	AGAP3	1	682
ENSG00000133612	peak_3	14	LEFT	CTCAGTTCCTTCCCGTCCC	+	LEFT primer matches mRNA sequence (positive-strand gene: genomic template matches mRNA)	ENSG00000133612|peak_3|idx14|LEFT|strand+	6	AGAP3	1	660
ENSG00000133612	peak_3	15	LEFT	ACTCGTGGTCTCAGTTCCTTC	+	LEFT primer matches mRNA sequence (positive-strand gene: genomic template matches mRNA)	ENSG00000133612|peak_3|idx15|LEFT|strand+	1	AGAP3	1	669
ENSG00000133612	peak_3	16	LEFT	CCCGTTGGAATACTCGTGGTC	+	LEFT primer matches mRNA sequence (positive-strand gene: genomic template matches mRNA)	ENSG00000133612|peak_3|idx16|LEFT|strand+	1	AGAP3	1	680
ENSG00000133612	peak_3	17	LEFT	GACCTGTGCTGCTCTGTATGG	+	LEFT primer matches mRNA sequence (positive-strand gene: genomic template matches mRNA)	ENSG00000133612|peak_3|idx17|LEFT|strand+	3	AGAP3	3	51
ENSG00000133612	peak_3	18	LEFT	CTGTATGGTGCCGTGTGTAAG	+	LEFT primer matches mRNA sequence (positive-strand gene: genomic template matches mRNA)	ENSG00000133612|peak_3|idx18|LEFT|strand+	3	AGAP3	3	38
ENSG00000133612	peak_3	19	LEFT	GCCGTGTGTAAGAATAAACCCG	+	LEFT primer matches mRNA sequence (positive-strand gene: genomic template matches mRNA)	ENSG00000133612|peak_3|idx19|LEFT|strand+	3	AGAP3	3	29
ENSG00000133612	peak_3	1	LEFT	CGTGGTCTCAGTTCCTTCCC	+	LEFT primer matches mRNA sequence (positive-strand gene: genomic template matches mRNA)	ENSG00000133612|peak_3|idx1|LEFT|strand+	1	AGAP3	1	666
ENSG00000133612	peak_3	2	LEFT	GTCTCAGTTCCTTCCCGTCC	+	LEFT primer matches mRNA sequence (positive-strand gene: genomic template matches mRNA)	ENSG00000133612|peak_3|idx2|LEFT|strand+	4	AGAP3	1	662
ENSG00000133612	peak_3	3	LEFT	GGTCTCAGTTCCTTCCCGTC	+	LEFT primer matches mRNA sequence (positive-strand gene: genomic template matches mRNA)	ENSG00000133612|peak_3|idx3|LEFT|strand+	1	AGAP3	1	663
ENSG00000133612	peak_3	4	LEFT	ACCCGTTGGAATACTCGTGG	+	LEFT primer matches mRNA sequence (positive-strand gene: genomic template matches mRNA)	ENSG00000133612|peak_3|idx4|LEFT|strand+	1	AGAP3	1	681
ENSG00000133612	peak_3	5	LEFT	ACCTGTGCTGCTCTGTATGG	+	LEFT primer matches mRNA sequence (positive-strand gene: genomic template matches mRNA)	ENSG00000133612|peak_3|idx5|LEFT|strand+	4	AGAP3	3	50
ENSG00000133612	peak_3	7	LEFT	TCTCAGTTCCTTCCCGTCCC	+	LEFT primer matches mRNA sequence (positive-strand gene: genomic template matches mRNA)	ENSG00000133612|peak_3|idx7|LEFT|strand+	5	AGAP3	1	661
ENSG00000133612	peak_3	8	LEFT	TCGTGGTCTCAGTTCCTTCC	+	LEFT primer matches mRNA sequence (positive-strand gene: genomic template matches mRNA)	ENSG00000133612|peak_3|idx8|LEFT|strand+	1	AGAP3	1	667
ENSG00000133612	peak_3	9	LEFT	TGACCTGTGCTGCTCTGTATG	+	LEFT primer matches mRNA sequence (positive-strand gene: genomic template matches mRNA)	ENSG00000133612|peak_3|idx9|LEFT|strand+	3	AGAP3	3	52
ENSG00000141424	peak_1	0	LEFT	TCACCAGACTGGGTTATTGCC	-	LEFT primer matches mRNA sequence (negative-strand gene: genomic template matches mRNA)	ENSG00000141424|peak_1|idx0|LEFT|strand-	1	SLC39A6	1	297
ENSG00000141424	peak_1	1	LEFT	CCATACTAGGCCTGTCTGTGG	-	LEFT primer matches mRNA sequence (negative-strand gene: genomic template matches mRNA)	ENSG00000141424|peak_1|idx1|LEFT|strand-	1	SLC39A6	1	72
ENSG00000141424	peak_1	2	LEFT	ACTGGATGTTCTGGTTACCTGG	-	LEFT primer matches mRNA sequence (negative-strand gene: genomic template matches mRNA)	ENSG00000141424|peak_1|idx2|LEFT|strand-	1	SLC39A6	1	249
ENSG00000141424	peak_1	3	LEFT	ATCACCAGACTGGGTTATTGCC	-	LEFT primer matches mRNA sequence (negative-strand gene: genomic template matches mRNA)	ENSG00000141424|peak_1|idx3|LEFT|strand-	1	SLC39A6	1	298
ENSG00000141424	peak_1	4	LEFT	ACCAGACTGGGTTATTGCCAAG	-	LEFT primer matches mRNA sequence (negative-strand gene: genomic template matches mRNA)	ENSG00000141424|peak_1|idx4|LEFT|strand-	1	SLC39A6	1	295
ENSG00000141424	peak_2	0	LEFT	TCACCAGACTGGGTTATTGCC	-	LEFT primer matches mRNA sequence (negative-strand gene: genomic template matches mRNA)	ENSG00000141424|peak_2|idx0|LEFT|strand-	1	SLC39A6	1	297
ENSG00000141424	peak_2	1	LEFT	CCATACTAGGCCTGTCTGTGG	-	LEFT primer matches mRNA sequence (negative-strand gene: genomic template matches mRNA)	ENSG00000141424|peak_2|idx1|LEFT|strand-	1	SLC39A6	1	72
ENSG00000141424	peak_2	2	LEFT	ACTGGATGTTCTGGTTACCTGG	-	LEFT primer matches mRNA sequence (negative-strand gene: genomic template matches mRNA)	ENSG00000141424|peak_2|idx2|LEFT|strand-	1	SLC39A6	1	249
ENSG00000141424	peak_2	3	LEFT	ATCACCAGACTGGGTTATTGCC	-	LEFT primer matches mRNA sequence (negative-strand gene: genomic template matches mRNA)	ENSG00000141424|peak_2|idx3|LEFT|strand-	1	SLC39A6	1	298
ENSG00000141424	peak_2	4	LEFT	ACCAGACTGGGTTATTGCCAAG	-	LEFT primer matches mRNA sequence (negative-strand gene: genomic template matches mRNA)	ENSG00000141424|peak_2|idx4|LEFT|strand-	1	SLC39A6	1	295
ENSG00000141424	peak_3	0	LEFT	TGCAGCGTTTAAAGTTAGTGGG	-	LEFT primer matches mRNA sequence (negative-strand gene: genomic template matches mRNA)	ENSG00000141424|peak_3|idx0|LEFT|strand-	2	SLC39A6	2	363
ENSG00000141424	peak_3	1	LEFT	ATCTGTATGTGCAATTCACCGG	-	LEFT primer matches mRNA sequence (negative-strand gene: genomic template matches mRNA)	ENSG00000141424|peak_3|idx1|LEFT|strand-	2	SLC39A6	2	250
ENSG00000141424	peak_4	0	LEFT	AGAATCTGAGAATTGGGGAGGC	-	LEFT primer matches mRNA sequence (negative-strand gene: genomic template matches mRNA)	ENSG00000141424|peak_4|idx0|LEFT|strand-	1	SLC39A6	1	621
ENSG00000141424	peak_4	1	LEFT	TCTGAGAATTGGGGAGGCATAG	-	LEFT primer matches mRNA sequence (negative-strand gene: genomic template matches mRNA)	ENSG00000141424|peak_4|idx1|LEFT|strand-	1	SLC39A6	1	617
ENSG00000142192	peak_1	0	LEFT	AAGGGGATGAGGAAGGCATG	-	LEFT primer matches mRNA sequence (negative-strand gene: genomic template matches mRNA)	ENSG00000142192|peak_1|idx0|LEFT|strand-	9	APP	8	96
ENSG00000142192	peak_1	11	LEFT	GGGGATGAGGAAGGCATGC	-	LEFT primer matches mRNA sequence (negative-strand gene: genomic template matches mRNA)	ENSG00000142192|peak_1|idx11|LEFT|strand-	8	APP	8	94
ENSG00000142192	peak_1	12	LEFT	TAACCCCGGGCAAGACTTTTC	-	LEFT primer matches mRNA sequence (negative-strand gene: genomic template matches mRNA)	ENSG00000142192|peak_1|idx12|LEFT|strand-	8	APP	8	250
ENSG00000142192	peak_1	14	LEFT	TAAGGGGATGAGGAAGGCATG	-	LEFT primer matches mRNA sequence (negative-strand gene: genomic template matches mRNA)	ENSG00000142192|peak_1|idx14|LEFT|strand-	8	APP	8	97
ENSG00000142192	peak_1	15	LEFT	AATTTTGGGTGGGGAGAAGAGG	-	LEFT primer matches mRNA sequence (negative-strand gene: genomic template matches mRNA)	ENSG00000142192|peak_1|idx15|LEFT|strand-	8	APP	8	193
ENSG00000142192	peak_1	16	LEFT	ATAAGGGGATGAGGAAGGCATG	-	LEFT primer matches mRNA sequence (negative-strand gene: genomic template matches mRNA)	ENSG00000142192|peak_1|idx16|LEFT|strand-	8	APP	8	98
ENSG00000142192	peak_1	17	LEFT	CATTCTTGGAGGAGCACCATTG	-	LEFT primer matches mRNA sequence (negative-strand gene: genomic template matches mRNA)	ENSG00000142192|peak_1|idx17|LEFT|strand-	1	APP	1	31
ENSG00000142192	peak_1	18	LEFT	GCTCTGCTGGTCTTCAATTACC	-	LEFT primer matches mRNA sequence (negative-strand gene: genomic template matches mRNA)	ENSG00000142192|peak_1|idx18|LEFT|strand-	8	APP	8	373
ENSG00000142192	peak_1	19	LEFT	CGAAGTAATTTTGGGTGGGGAG	-	LEFT primer matches mRNA sequence (negative-strand gene: genomic template matches mRNA)	ENSG00000142192|peak_1|idx19|LEFT|strand-	8	APP	8	199
ENSG00000142192	peak_1	2	LEFT	AACCCCGGGCAAGACTTTTC	-	LEFT primer matches mRNA sequence (negative-strand gene: genomic template matches mRNA)	ENSG00000142192|peak_1|idx2|LEFT|strand-	8	APP	8	249
ENSG00000142192	peak_1	3	LEFT	CATGCCTGGACAAACCCTTC	-	LEFT primer matches mRNA sequence (negative-strand gene: genomic template matches mRNA)	ENSG00000142192|peak_1|idx3|LEFT|strand-	8	APP	8	80
ENSG00000142192	peak_1	4	LEFT	CCCGGGCAAGACTTTTCTTTG	-	LEFT primer matches mRNA sequence (negative-strand gene: genomic template matches mRNA)	ENSG00000142192|peak_1|idx4|LEFT|strand-	8	APP	8	246
ENSG00000142192	peak_1	5	LEFT	GTGGGGAGAAGAGGCAGATTC	-	LEFT primer matches mRNA sequence (negative-strand gene: genomic template matches mRNA)	ENSG00000142192|peak_1|idx5|LEFT|strand-	8	APP	8	185
ENSG00000142192	peak_1	6	LEFT	ACCCCGGGCAAGACTTTTC	-	LEFT primer matches mRNA sequence (negative-strand gene: genomic template matches mRNA)	ENSG00000142192|peak_1|idx6|LEFT|strand-	8	APP	8	248
ENSG00000142192	peak_1	7	LEFT	TCTTGGAGGAGCACCATTGTG	-	LEFT primer matches mRNA sequence (negative-strand gene: genomic template matches mRNA)	ENSG00000142192|peak_1|idx7|LEFT|strand-	1	APP	1	28
ENSG00000142192	peak_1	8	LEFT	ATTTTGGGTGGGGAGAAGAGG	-	LEFT primer matches mRNA sequence (negative-strand gene: genomic template matches mRNA)	ENSG00000142192|peak_1|idx8|LEFT|strand-	8	APP	8	192
ENSG00000142192	peak_1	9	LEFT	GGGTGCTCTGCTGGTCTTC	-	LEFT primer matches mRNA sequence (negative-strand gene: genomic template matches mRNA)	ENSG00000142192|peak_1|idx9|LEFT|strand-	11	APP	8	377
ENSG00000142192	peak_2	0	LEFT	AAGGGGATGAGGAAGGCATG	-	LEFT primer matches mRNA sequence (negative-strand gene: genomic template matches mRNA)	ENSG00000142192|peak_2|idx0|LEFT|strand-	9	APP	8	96
ENSG00000142192	peak_2	11	LEFT	GGGGATGAGGAAGGCATGC	-	LEFT primer matches mRNA sequence (negative-strand gene: genomic template matches mRNA)	ENSG00000142192|peak_2|idx11|LEFT|strand-	8	APP	8	94
ENSG00000142192	peak_2	12	LEFT	TAACCCCGGGCAAGACTTTTC	-	LEFT primer matches mRNA sequence (negative-strand gene: genomic template matches mRNA)	ENSG00000142192|peak_2|idx12|LEFT|strand-	8	APP	8	250
ENSG00000142192	peak_2	14	LEFT	TAAGGGGATGAGGAAGGCATG	-	LEFT primer matches mRNA sequence (negative-strand gene: genomic template matches mRNA)	ENSG00000142192|peak_2|idx14|LEFT|strand-	8	APP	8	97
ENSG00000142192	peak_2	15	LEFT	AATTTTGGGTGGGGAGAAGAGG	-	LEFT primer matches mRNA sequence (negative-strand gene: genomic template matches mRNA)	ENSG00000142192|peak_2|idx15|LEFT|strand-	8	APP	8	193
ENSG00000142192	peak_2	16	LEFT	ATAAGGGGATGAGGAAGGCATG	-	LEFT primer matches mRNA sequence (negative-strand gene: genomic template matches mRNA)	ENSG00000142192|peak_2|idx16|LEFT|strand-	8	APP	8	98
ENSG00000142192	peak_2	17	LEFT	CATTCTTGGAGGAGCACCATTG	-	LEFT primer matches mRNA sequence (negative-strand gene: genomic template matches mRNA)	ENSG00000142192|peak_2|idx17|LEFT|strand-	1	APP	1	31
ENSG00000142192	peak_2	18	LEFT	GCTCTGCTGGTCTTCAATTACC	-	LEFT primer matches mRNA sequence (negative-strand gene: genomic template matches mRNA)	ENSG00000142192|peak_2|idx18|LEFT|strand-	8	APP	8	373
ENSG00000142192	peak_2	19	LEFT	CGAAGTAATTTTGGGTGGGGAG	-	LEFT primer matches mRNA sequence (negative-strand gene: genomic template matches mRNA)	ENSG00000142192|peak_2|idx19|LEFT|strand-	8	APP	8	199
ENSG00000142192	peak_2	2	LEFT	AACCCCGGGCAAGACTTTTC	-	LEFT primer matches mRNA sequence (negative-strand gene: genomic template matches mRNA)	ENSG00000142192|peak_2|idx2|LEFT|strand-	8	APP	8	249
ENSG00000142192	peak_2	3	LEFT	CATGCCTGGACAAACCCTTC	-	LEFT primer matches mRNA sequence (negative-strand gene: genomic template matches mRNA)	ENSG00000142192|peak_2|idx3|LEFT|strand-	8	APP	8	80
ENSG00000142192	peak_2	4	LEFT	CCCGGGCAAGACTTTTCTTTG	-	LEFT primer matches mRNA sequence (negative-strand gene: genomic template matches mRNA)	ENSG00000142192|peak_2|idx4|LEFT|strand-	8	APP	8	246
ENSG00000142192	peak_2	5	LEFT	GTGGGGAGAAGAGGCAGATTC	-	LEFT primer matches mRNA sequence (negative-strand gene: genomic template matches mRNA)	ENSG00000142192|peak_2|idx5|LEFT|strand-	8	APP	8	185
ENSG00000142192	peak_2	6	LEFT	ACCCCGGGCAAGACTTTTC	-	LEFT primer matches mRNA sequence (negative-strand gene: genomic template matches mRNA)	ENSG00000142192|peak_2|idx6|LEFT|strand-	8	APP	8	248
ENSG00000142192	peak_2	7	LEFT	TCTTGGAGGAGCACCATTGTG	-	LEFT primer matches mRNA sequence (negative-strand gene: genomic template matches mRNA)	ENSG00000142192|peak_2|idx7|LEFT|strand-	1	APP	1	28
ENSG00000142192	peak_2	8	LEFT	ATTTTGGGTGGGGAGAAGAGG	-	LEFT primer matches mRNA sequence (negative-strand gene: genomic template matches mRNA)	ENSG00000142192|peak_2|idx8|LEFT|strand-	8	APP	8	192
ENSG00000142192	peak_2	9	LEFT	GGGTGCTCTGCTGGTCTTC	-	LEFT primer matches mRNA sequence (negative-strand gene: genomic template matches mRNA)	ENSG00000142192|peak_2|idx9|LEFT|strand-	11	APP	8	377
ENSG00000142192	peak_3	10	LEFT	ACCCTACGAAGAAGCCACAG	-	LEFT primer matches mRNA sequence (negative-strand gene: genomic template matches mRNA)	ENSG00000142192|peak_3|idx10|LEFT|strand-	13	APP	3	391
ENSG00000142192	peak_3	11	LEFT	AGAGAACCACCAGCATTGCC	-	LEFT primer matches mRNA sequence (negative-strand gene: genomic template matches mRNA)	ENSG00000142192|peak_3|idx11|LEFT|strand-	13	APP	3	371
ENSG00000142192	peak_3	12	LEFT	TGTGGAAGAGGTGGTTCGAG	-	LEFT primer matches mRNA sequence (negative-strand gene: genomic template matches mRNA)	ENSG00000142192|peak_3|idx12|LEFT|strand-	13	APP	3	325
ENSG00000142192	peak_3	14	LEFT	AGAGGCTGAGGAACCCTACG	-	LEFT primer matches mRNA sequence (negative-strand gene: genomic template matches mRNA)	ENSG00000142192|peak_3|idx14|LEFT|strand-	13	APP	3	403
ENSG00000142192	peak_3	15	LEFT	GAGAGAACCACCAGCATTGC	-	LEFT primer matches mRNA sequence (negative-strand gene: genomic template matches mRNA)	ENSG00000142192|peak_3|idx15|LEFT|strand-	13	APP	3	372
ENSG00000142192	peak_3	16	LEFT	AGGAACCCTACGAAGAAGCC	-	LEFT primer matches mRNA sequence (negative-strand gene: genomic template matches mRNA)	ENSG00000142192|peak_3|idx16|LEFT|strand-	13	APP	3	395
ENSG00000142192	peak_3	18	LEFT	AACCCTACGAAGAAGCCACAG	-	LEFT primer matches mRNA sequence (negative-strand gene: genomic template matches mRNA)	ENSG00000142192|peak_3|idx18|LEFT|strand-	13	APP	3	392
ENSG00000142192	peak_3	1	LEFT	AAGCCGATGATGACGAGGAC	-	LEFT primer matches mRNA sequence (negative-strand gene: genomic template matches mRNA)	ENSG00000142192|peak_3|idx1|LEFT|strand-	14	APP	4	62
ENSG00000142192	peak_3	2	LEFT	GGCTGAGGAACCCTACGAAG	-	LEFT primer matches mRNA sequence (negative-strand gene: genomic template matches mRNA)	ENSG00000142192|peak_3|idx2|LEFT|strand-	13	APP	3	400
ENSG00000142192	peak_3	3	LEFT	CACCACCACCACAGAGTCTG	-	LEFT primer matches mRNA sequence (negative-strand gene: genomic template matches mRNA)	ENSG00000142192|peak_3|idx3|LEFT|strand-	13	APP	3	343
ENSG00000142192	peak_3	5	LEFT	CCACAGAGAGAACCACCAGC	-	LEFT primer matches mRNA sequence (negative-strand gene: genomic template matches mRNA)	ENSG00000142192|peak_3|idx5|LEFT|strand-	13	APP	3	377
ENSG00000142192	peak_3	7	LEFT	AGAAGCCGATGATGACGAGG	-	LEFT primer matches mRNA sequence (negative-strand gene: genomic template matches mRNA)	ENSG00000142192|peak_3|idx7|LEFT|strand-	14	APP	4	64
ENSG00000142192	peak_3	8	LEFT	AAGCCACAGAGAGAACCACC	-	LEFT primer matches mRNA sequence (negative-strand gene: genomic template matches mRNA)	ENSG00000142192|peak_3|idx8|LEFT|strand-	13	APP	3	380
ENSG00000142192	peak_4	10	LEFT	CGGAGCAGACACAGACTATGC	-	LEFT primer matches mRNA sequence (negative-strand gene: genomic template matches mRNA)	ENSG00000142192|peak_4|idx10|LEFT|strand-	13	APP	3	151
ENSG00000142192	peak_4	11	LEFT	ACTCGGATGTCTGGTGGGG	-	LEFT primer matches mRNA sequence (negative-strand gene: genomic template matches mRNA)	ENSG00000142192|peak_4|idx11|LEFT|strand-	12	APP	2	170
ENSG00000142192	peak_4	12	LEFT	ACAATGTGGATTCTGCTGATGC	-	LEFT primer matches mRNA sequence (negative-strand gene: genomic template matches mRNA)	ENSG00000142192|peak_4|idx12|LEFT|strand-	12	APP	2	203
ENSG00000142192	peak_4	13	LEFT	ACACAGACTATGCAGATGGGAG	-	LEFT primer matches mRNA sequence (negative-strand gene: genomic template matches mRNA)	ENSG00000142192|peak_4|idx13|LEFT|strand-	13	APP	3	143
ENSG00000142192	peak_4	14	LEFT	AGACACAGACTATGCAGATGGG	-	LEFT primer matches mRNA sequence (negative-strand gene: genomic template matches mRNA)	ENSG00000142192|peak_4|idx14|LEFT|strand-	13	APP	3	145
ENSG00000142192	peak_4	15	LEFT	CAATGTGGATTCTGCTGATGCG	-	LEFT primer matches mRNA sequence (negative-strand gene: genomic template matches mRNA)	ENSG00000142192|peak_4|idx15|LEFT|strand-	12	APP	2	202
ENSG00000142192	peak_4	16	LEFT	GGAGCAGACACAGACTATGCAG	-	LEFT primer matches mRNA sequence (negative-strand gene: genomic template matches mRNA)	ENSG00000142192|peak_4|idx16|LEFT|strand-	13	APP	3	150
ENSG00000142192	peak_4	17	LEFT	GCAGACACAGACTATGCAGATG	-	LEFT primer matches mRNA sequence (negative-strand gene: genomic template matches mRNA)	ENSG00000142192|peak_4|idx17|LEFT|strand-	13	APP	3	147
ENSG00000142192	peak_4	1	LEFT	GATGCGGAGGAGGATGACTC	-	LEFT primer matches mRNA sequence (negative-strand gene: genomic template matches mRNA)	ENSG00000142192|peak_4|idx1|LEFT|strand-	14	APP	2	186
ENSG00000142192	peak_4	2	LEFT	TGTGGATTCTGCTGATGCGG	-	LEFT primer matches mRNA sequence (negative-strand gene: genomic template matches mRNA)	ENSG00000142192|peak_4|idx2|LEFT|strand-	12	APP	2	199
ENSG00000142192	peak_4	3	LEFT	ATGACTCGGATGTCTGGTGG	-	LEFT primer matches mRNA sequence (negative-strand gene: genomic template matches mRNA)	ENSG00000142192|peak_4|idx3|LEFT|strand-	12	APP	2	173
ENSG00000142192	peak_4	4	LEFT	GATGACTCGGATGTCTGGTGG	-	LEFT primer matches mRNA sequence (negative-strand gene: genomic template matches mRNA)	ENSG00000142192|peak_4|idx4|LEFT|strand-	12	APP	2	174
ENSG00000142192	peak_4	5	LEFT	GGATGACTCGGATGTCTGGTG	-	LEFT primer matches mRNA sequence (negative-strand gene: genomic template matches mRNA)	ENSG00000142192|peak_4|idx5|LEFT|strand-	12	APP	2	175
ENSG00000142192	peak_4	7	LEFT	GAGGATGACTCGGATGTCTGG	-	LEFT primer matches mRNA sequence (negative-strand gene: genomic template matches mRNA)	ENSG00000142192|peak_4|idx7|LEFT|strand-	12	APP	2	177
ENSG00000142192	peak_4	8	LEFT	GACTCGGATGTCTGGTGGG	-	LEFT primer matches mRNA sequence (negative-strand gene: genomic template matches mRNA)	ENSG00000142192|peak_4|idx8|LEFT|strand-	12	APP	2	171
ENSG00000142192	peak_4	9	LEFT	AATGTGGATTCTGCTGATGCG	-	LEFT primer matches mRNA sequence (negative-strand gene: genomic template matches mRNA)	ENSG00000142192|peak_4|idx9|LEFT|strand-	12	APP	2	201
ENSG00000142192	peak_5	0	LEFT	CAGCACATTGCCACTCTGTG	-	LEFT primer matches mRNA sequence (negative-strand gene: genomic template matches mRNA)	ENSG00000142192|peak_5|idx0|LEFT|strand-	1	APP	1	332
ENSG00000142192	peak_5	10	LEFT	TTGTTCTTCAGCACATTGCCAC	-	LEFT primer matches mRNA sequence (negative-strand gene: genomic template matches mRNA)	ENSG00000142192|peak_5|idx10|LEFT|strand-	1	APP	1	340
ENSG00000142192	peak_5	11	LEFT	GTTCTTCAGCACATTGCCACTC	-	LEFT primer matches mRNA sequence (negative-strand gene: genomic template matches mRNA)	ENSG00000142192|peak_5|idx11|LEFT|strand-	1	APP	1	338
ENSG00000142192	peak_5	12	LEFT	CTGTGCACTGACCCTATAGGAG	-	LEFT primer matches mRNA sequence (negative-strand gene: genomic template matches mRNA)	ENSG00000142192|peak_5|idx12|LEFT|strand-	1	APP	1	279
ENSG00000142192	peak_5	13	LEFT	GTTACATTCTGTGCACTGACCC	-	LEFT primer matches mRNA sequence (negative-strand gene: genomic template matches mRNA)	ENSG00000142192|peak_5|idx13|LEFT|strand-	1	APP	1	287
ENSG00000142192	peak_5	14	LEFT	TGCAGTTACATTCTGTGCACTG	-	LEFT primer matches mRNA sequence (negative-strand gene: genomic template matches mRNA)	ENSG00000142192|peak_5|idx14|LEFT|strand-	1	APP	1	291
ENSG00000142192	peak_5	15	LEFT	ACTGTGTTTTGGACTCTTGCAG	-	LEFT primer matches mRNA sequence (negative-strand gene: genomic template matches mRNA)	ENSG00000142192|peak_5|idx15|LEFT|strand-	1	APP	1	308
ENSG00000142192	peak_5	16	LEFT	TGCCACTCTGTGTTGTACTGTG	-	LEFT primer matches mRNA sequence (negative-strand gene: genomic template matches mRNA)	ENSG00000142192|peak_5|idx16|LEFT|strand-	1	APP	1	324
ENSG00000142192	peak_5	17	LEFT	TTCTGTGCACTGACCCTATAGG	-	LEFT primer matches mRNA sequence (negative-strand gene: genomic template matches mRNA)	ENSG00000142192|peak_5|idx17|LEFT|strand-	1	APP	1	281
ENSG00000142192	peak_5	18	LEFT	ACATTGCCACTCTGTGTTGTAC	-	LEFT primer matches mRNA sequence (negative-strand gene: genomic template matches mRNA)	ENSG00000142192|peak_5|idx18|LEFT|strand-	1	APP	1	328
ENSG00000142192	peak_5	19	LEFT	ACACAGACTTGTTCTTCAGCAC	-	LEFT primer matches mRNA sequence (negative-strand gene: genomic template matches mRNA)	ENSG00000142192|peak_5|idx19|LEFT|strand-	1	APP	1	348
ENSG00000142192	peak_5	1	LEFT	GTGCACTGACCCTATAGGAGC	-	LEFT primer matches mRNA sequence (negative-strand gene: genomic template matches mRNA)	ENSG00000142192|peak_5|idx1|LEFT|strand-	1	APP	1	277
ENSG00000142192	peak_5	2	LEFT	CTTCAGCACATTGCCACTCTG	-	LEFT primer matches mRNA sequence (negative-strand gene: genomic template matches mRNA)	ENSG00000142192|peak_5|idx2|LEFT|strand-	1	APP	1	335
ENSG00000142192	peak_5	4	LEFT	TGTTCTTCAGCACATTGCCAC	-	LEFT primer matches mRNA sequence (negative-strand gene: genomic template matches mRNA)	ENSG00000142192|peak_5|idx4|LEFT|strand-	1	APP	1	339
ENSG00000142192	peak_5	5	LEFT	GCACTGACCCTATAGGAGCAG	-	LEFT primer matches mRNA sequence (negative-strand gene: genomic template matches mRNA)	ENSG00000142192|peak_5|idx5|LEFT|strand-	1	APP	1	275
ENSG00000142192	peak_5	6	LEFT	GCACATTGCCACTCTGTGTTG	-	LEFT primer matches mRNA sequence (negative-strand gene: genomic template matches mRNA)	ENSG00000142192|peak_5|idx6|LEFT|strand-	1	APP	1	330
ENSG00000142192	peak_5	7	LEFT	GCCACTCTGTGTTGTACTGTG	-	LEFT primer matches mRNA sequence (negative-strand gene: genomic template matches mRNA)	ENSG00000142192|peak_5|idx7|LEFT|strand-	1	APP	1	323
ENSG00000142192	peak_5	8	LEFT	TTCTTCAGCACATTGCCACTC	-	LEFT primer matches mRNA sequence (negative-strand gene: genomic template matches mRNA)	ENSG00000142192|peak_5|idx8|LEFT|strand-	1	APP	1	337
ENSG00000142192	peak_5	9	LEFT	ACTTGTTCTTCAGCACATTGCC	-	LEFT primer matches mRNA sequence (negative-strand gene: genomic template matches mRNA)	ENSG00000142192|peak_5|idx9|LEFT|strand-	1	APP	1	342
ENSG00000143641	peak_1	0	LEFT	GCGTGCCGAAGTTAGTTGTC	+	LEFT primer matches mRNA sequence (positive-strand gene: genomic template matches mRNA)	ENSG00000143641|peak_1|idx0|LEFT|strand+	2	GALNT2	2	232
ENSG00000143641	peak_1	10	LEFT	GACACAGTGTGCCAAAGTGAC	+	LEFT primer matches mRNA sequence (positive-strand gene: genomic template matches mRNA)	ENSG00000143641|peak_1|idx10|LEFT|strand+	2	GALNT2	2	352
ENSG00000143641	peak_1	11	LEFT	GTGCCAAAGTGACTTACTGCG	+	LEFT primer matches mRNA sequence (positive-strand gene: genomic template matches mRNA)	ENSG00000143641|peak_1|idx11|LEFT|strand+	2	GALNT2	2	344
ENSG00000143641	peak_1	12	LEFT	TTGTCTTCTCTGTGCTGGTCC	+	LEFT primer matches mRNA sequence (positive-strand gene: genomic template matches mRNA)	ENSG00000143641|peak_1|idx12|LEFT|strand+	2	GALNT2	2	217
ENSG00000143641	peak_1	14	LEFT	TTTCCTAAGAGCCCTTCGAGC	+	LEFT primer matches mRNA sequence (positive-strand gene: genomic template matches mRNA)	ENSG00000143641|peak_1|idx14|LEFT|strand+	2	GALNT2	2	256
ENSG00000143641	peak_1	15	LEFT	TCAGGACTATCTCACCCTCCC	+	LEFT primer matches mRNA sequence (positive-strand gene: genomic template matches mRNA)	ENSG00000143641|peak_1|idx15|LEFT|strand+	2	GALNT2	2	303
ENSG00000143641	peak_1	16	LEFT	AAAGCGTGCCGAAGTTAGTTG	+	LEFT primer matches mRNA sequence (positive-strand gene: genomic template matches mRNA)	ENSG00000143641|peak_1|idx16|LEFT|strand+	2	GALNT2	2	235
ENSG00000143641	peak_1	17	LEFT	AGAGCCCTTCGAGCAAAGC	+	LEFT primer matches mRNA sequence (positive-strand gene: genomic template matches mRNA)	ENSG00000143641|peak_1|idx17|LEFT|strand+	2	GALNT2	2	249
ENSG00000143641	peak_1	18	LEFT	AAAGTGACTTACTGCGGTTGC	+	LEFT primer matches mRNA sequence (positive-strand gene: genomic template matches mRNA)	ENSG00000143641|peak_1|idx18|LEFT|strand+	2	GALNT2	2	339
ENSG00000143641	peak_1	19	LEFT	TAAGAGCCCTTCGAGCAAAGC	+	LEFT primer matches mRNA sequence (positive-strand gene: genomic template matches mRNA)	ENSG00000143641|peak_1|idx19|LEFT|strand+	2	GALNT2	2	251
ENSG00000143641	peak_1	1	LEFT	ATCTCACCCTCCCACTCCTG	+	LEFT primer matches mRNA sequence (positive-strand gene: genomic template matches mRNA)	ENSG00000143641|peak_1|idx1|LEFT|strand+	2	GALNT2	2	295
ENSG00000143641	peak_1	2	LEFT	GCCAAAGTGACTTACTGCGG	+	LEFT primer matches mRNA sequence (positive-strand gene: genomic template matches mRNA)	ENSG00000143641|peak_1|idx2|LEFT|strand+	2	GALNT2	2	342
ENSG00000143641	peak_1	4	LEFT	TTCCTAAGAGCCCTTCGAGC	+	LEFT primer matches mRNA sequence (positive-strand gene: genomic template matches mRNA)	ENSG00000143641|peak_1|idx4|LEFT|strand+	2	GALNT2	2	255
ENSG00000143641	peak_1	5	LEFT	AAGCGTGCCGAAGTTAGTTG	+	LEFT primer matches mRNA sequence (positive-strand gene: genomic template matches mRNA)	ENSG00000143641|peak_1|idx5|LEFT|strand+	2	GALNT2	2	234
ENSG00000143641	peak_1	6	LEFT	AAGAGCCCTTCGAGCAAAGC	+	LEFT primer matches mRNA sequence (positive-strand gene: genomic template matches mRNA)	ENSG00000143641|peak_1|idx6|LEFT|strand+	2	GALNT2	2	250
ENSG00000143641	peak_1	7	LEFT	ACTATCTCACCCTCCCACTCC	+	LEFT primer matches mRNA sequence (positive-strand gene: genomic template matches mRNA)	ENSG00000143641|peak_1|idx7|LEFT|strand+	2	GALNT2	2	298
ENSG00000143641	peak_1	8	LEFT	AGGACTATCTCACCCTCCCAC	+	LEFT primer matches mRNA sequence (positive-strand gene: genomic template matches mRNA)	ENSG00000143641|peak_1|idx8|LEFT|strand+	2	GALNT2	2	301
ENSG00000143641	peak_1	9	LEFT	TATCTCACCCTCCCACTCCTG	+	LEFT primer matches mRNA sequence (positive-strand gene: genomic template matches mRNA)	ENSG00000143641|peak_1|idx9|LEFT|strand+	2	GALNT2	2	296
ENSG00000143641	peak_2	0	LEFT	GCGTGCCGAAGTTAGTTGTC	+	LEFT primer matches mRNA sequence (positive-strand gene: genomic template matches mRNA)	ENSG00000143641|peak_2|idx0|LEFT|strand+	2	GALNT2	2	232
ENSG00000143641	peak_2	10	LEFT	GACACAGTGTGCCAAAGTGAC	+	LEFT primer matches mRNA sequence (positive-strand gene: genomic template matches mRNA)	ENSG00000143641|peak_2|idx10|LEFT|strand+	2	GALNT2	2	352
ENSG00000143641	peak_2	11	LEFT	GTGCCAAAGTGACTTACTGCG	+	LEFT primer matches mRNA sequence (positive-strand gene: genomic template matches mRNA)	ENSG00000143641|peak_2|idx11|LEFT|strand+	2	GALNT2	2	344
ENSG00000143641	peak_2	12	LEFT	TTGTCTTCTCTGTGCTGGTCC	+	LEFT primer matches mRNA sequence (positive-strand gene: genomic template matches mRNA)	ENSG00000143641|peak_2|idx12|LEFT|strand+	2	GALNT2	2	217
ENSG00000143641	peak_2	14	LEFT	TTTCCTAAGAGCCCTTCGAGC	+	LEFT primer matches mRNA sequence (positive-strand gene: genomic template matches mRNA)	ENSG00000143641|peak_2|idx14|LEFT|strand+	2	GALNT2	2	256
ENSG00000143641	peak_2	15	LEFT	TCAGGACTATCTCACCCTCCC	+	LEFT primer matches mRNA sequence (positive-strand gene: genomic template matches mRNA)	ENSG00000143641|peak_2|idx15|LEFT|strand+	2	GALNT2	2	303
ENSG00000143641	peak_2	16	LEFT	AAAGCGTGCCGAAGTTAGTTG	+	LEFT primer matches mRNA sequence (positive-strand gene: genomic template matches mRNA)	ENSG00000143641|peak_2|idx16|LEFT|strand+	2	GALNT2	2	235
ENSG00000143641	peak_2	17	LEFT	AGAGCCCTTCGAGCAAAGC	+	LEFT primer matches mRNA sequence (positive-strand gene: genomic template matches mRNA)	ENSG00000143641|peak_2|idx17|LEFT|strand+	2	GALNT2	2	249
ENSG00000143641	peak_2	18	LEFT	AAAGTGACTTACTGCGGTTGC	+	LEFT primer matches mRNA sequence (positive-strand gene: genomic template matches mRNA)	ENSG00000143641|peak_2|idx18|LEFT|strand+	2	GALNT2	2	339
ENSG00000143641	peak_2	19	LEFT	TAAGAGCCCTTCGAGCAAAGC	+	LEFT primer matches mRNA sequence (positive-strand gene: genomic template matches mRNA)	ENSG00000143641|peak_2|idx19|LEFT|strand+	2	GALNT2	2	251
ENSG00000143641	peak_2	1	LEFT	ATCTCACCCTCCCACTCCTG	+	LEFT primer matches mRNA sequence (positive-strand gene: genomic template matches mRNA)	ENSG00000143641|peak_2|idx1|LEFT|strand+	2	GALNT2	2	295
ENSG00000143641	peak_2	2	LEFT	GCCAAAGTGACTTACTGCGG	+	LEFT primer matches mRNA sequence (positive-strand gene: genomic template matches mRNA)	ENSG00000143641|peak_2|idx2|LEFT|strand+	2	GALNT2	2	342
ENSG00000143641	peak_2	4	LEFT	TTCCTAAGAGCCCTTCGAGC	+	LEFT primer matches mRNA sequence (positive-strand gene: genomic template matches mRNA)	ENSG00000143641|peak_2|idx4|LEFT|strand+	2	GALNT2	2	255
ENSG00000143641	peak_2	5	LEFT	AAGCGTGCCGAAGTTAGTTG	+	LEFT primer matches mRNA sequence (positive-strand gene: genomic template matches mRNA)	ENSG00000143641|peak_2|idx5|LEFT|strand+	2	GALNT2	2	234
ENSG00000143641	peak_2	6	LEFT	AAGAGCCCTTCGAGCAAAGC	+	LEFT primer matches mRNA sequence (positive-strand gene: genomic template matches mRNA)	ENSG00000143641|peak_2|idx6|LEFT|strand+	2	GALNT2	2	250
ENSG00000143641	peak_2	7	LEFT	ACTATCTCACCCTCCCACTCC	+	LEFT primer matches mRNA sequence (positive-strand gene: genomic template matches mRNA)	ENSG00000143641|peak_2|idx7|LEFT|strand+	2	GALNT2	2	298
ENSG00000143641	peak_2	8	LEFT	AGGACTATCTCACCCTCCCAC	+	LEFT primer matches mRNA sequence (positive-strand gene: genomic template matches mRNA)	ENSG00000143641|peak_2|idx8|LEFT|strand+	2	GALNT2	2	301
ENSG00000143641	peak_2	9	LEFT	TATCTCACCCTCCCACTCCTG	+	LEFT primer matches mRNA sequence (positive-strand gene: genomic template matches mRNA)	ENSG00000143641|peak_2|idx9|LEFT|strand+	2	GALNT2	2	296
ENSG00000156298	peak_1	0	LEFT	ATGCCTCTGTCTAGCATGCC	+	LEFT primer matches mRNA sequence (positive-strand gene: genomic template matches mRNA)	ENSG00000156298|peak_1|idx0|LEFT|strand+	2	TSPAN7	2	87
ENSG00000156298	peak_1	10	LEFT	TCTAGCATGCCAACAAGAATGC	+	LEFT primer matches mRNA sequence (positive-strand gene: genomic template matches mRNA)	ENSG00000156298|peak_1|idx10|LEFT|strand+	2	TSPAN7	2	78
ENSG00000156298	peak_1	11	LEFT	AGGTGGCCTCCTTGCTTG	+	LEFT primer matches mRNA sequence (positive-strand gene: genomic template matches mRNA)	ENSG00000156298|peak_1|idx11|LEFT|strand+	2	TSPAN7	2	376
ENSG00000156298	peak_1	12	LEFT	CTCTGTCTAGCATGCCAACAAG	+	LEFT primer matches mRNA sequence (positive-strand gene: genomic template matches mRNA)	ENSG00000156298|peak_1|idx12|LEFT|strand+	2	TSPAN7	2	83
ENSG00000156298	peak_1	13	LEFT	GCCTCCTTGCTTGTTACATACC	+	LEFT primer matches mRNA sequence (positive-strand gene: genomic template matches mRNA)	ENSG00000156298|peak_1|idx13|LEFT|strand+	2	TSPAN7	2	371
ENSG00000156298	peak_1	14	LEFT	GGCCTCCTTGCTTGTTACATAC	+	LEFT primer matches mRNA sequence (positive-strand gene: genomic template matches mRNA)	ENSG00000156298|peak_1|idx14|LEFT|strand+	2	TSPAN7	2	372
ENSG00000156298	peak_1	15	LEFT	ACCCTGTTACAAAGCTGTGTTG	+	LEFT primer matches mRNA sequence (positive-strand gene: genomic template matches mRNA)	ENSG00000156298|peak_1|idx15|LEFT|strand+	2	TSPAN7	2	295
ENSG00000156298	peak_1	16	LEFT	GTAATGCCTCTGTCTAGCATGC	+	LEFT primer matches mRNA sequence (positive-strand gene: genomic template matches mRNA)	ENSG00000156298|peak_1|idx16|LEFT|strand+	2	TSPAN7	2	90
ENSG00000156298	peak_1	17	LEFT	ATCTTTGCCTCTCGGTTGAAAC	+	LEFT primer matches mRNA sequence (positive-strand gene: genomic template matches mRNA)	ENSG00000156298|peak_1|idx17|LEFT|strand+	2	TSPAN7	2	324
ENSG00000156298	peak_1	18	LEFT	ATACCTGGGTATGTGTAGGCAG	+	LEFT primer matches mRNA sequence (positive-strand gene: genomic template matches mRNA)	ENSG00000156298|peak_1|idx18|LEFT|strand+	2	TSPAN7	2	354
ENSG00000156298	peak_1	1	LEFT	GCATCTTTGCCTCTCGGTTG	+	LEFT primer matches mRNA sequence (positive-strand gene: genomic template matches mRNA)	ENSG00000156298|peak_1|idx1|LEFT|strand+	2	TSPAN7	2	326
ENSG00000156298	peak_1	2	LEFT	GTGGCCTCCTTGCTTGTTAC	+	LEFT primer matches mRNA sequence (positive-strand gene: genomic template matches mRNA)	ENSG00000156298|peak_1|idx2|LEFT|strand+	2	TSPAN7	2	374
ENSG00000156298	peak_1	3	LEFT	CTTTGCCTCTCGGTTGAAACC	+	LEFT primer matches mRNA sequence (positive-strand gene: genomic template matches mRNA)	ENSG00000156298|peak_1|idx3|LEFT|strand+	2	TSPAN7	2	322
ENSG00000156298	peak_1	4	LEFT	AATGCCTCTGTCTAGCATGCC	+	LEFT primer matches mRNA sequence (positive-strand gene: genomic template matches mRNA)	ENSG00000156298|peak_1|idx4|LEFT|strand+	2	TSPAN7	2	88
ENSG00000156298	peak_1	5	LEFT	TGCCTCTGTCTAGCATGCC	+	LEFT primer matches mRNA sequence (positive-strand gene: genomic template matches mRNA)	ENSG00000156298|peak_1|idx5|LEFT|strand+	2	TSPAN7	2	86
ENSG00000156298	peak_1	7	LEFT	GCATGCCAACAAGAATGCATTG	+	LEFT primer matches mRNA sequence (positive-strand gene: genomic template matches mRNA)	ENSG00000156298|peak_1|idx7|LEFT|strand+	2	TSPAN7	2	74
ENSG00000156298	peak_1	8	LEFT	AGCTGTGTTGTTGCTTCTTGTG	+	LEFT primer matches mRNA sequence (positive-strand gene: genomic template matches mRNA)	ENSG00000156298|peak_1|idx8|LEFT|strand+	2	TSPAN7	2	283
ENSG00000156298	peak_1	9	LEFT	TAATGCCTCTGTCTAGCATGCC	+	LEFT primer matches mRNA sequence (positive-strand gene: genomic template matches mRNA)	ENSG00000156298|peak_1|idx9|LEFT|strand+	2	TSPAN7	2	89
ENSG00000159023	peak_2	0	LEFT	TGGCCTTTCGTAGTAGAAGTGG	+	LEFT primer matches mRNA sequence (positive-strand gene: genomic template matches mRNA)	ENSG00000159023|peak_2|idx0|LEFT|strand+	5	EPB41	5	92
ENSG00000159023	peak_3	0	LEFT	GCTCACGGGAAATTTCTGCC	+	LEFT primer matches mRNA sequence (positive-strand gene: genomic template matches mRNA)	ENSG00000159023|peak_3|idx0|LEFT|strand+	5	EPB41	5	323
ENSG00000159023	peak_3	10	LEFT	TGCTCACGGGAAATTTCTGC	+	LEFT primer matches mRNA sequence (positive-strand gene: genomic template matches mRNA)	ENSG00000159023|peak_3|idx10|LEFT|strand+	5	EPB41	5	324
ENSG00000159023	peak_3	11	LEFT	CAACAAACCTCGGGAACTGG	+	LEFT primer matches mRNA sequence (positive-strand gene: genomic template matches mRNA)	ENSG00000159023|peak_3|idx11|LEFT|strand+	5	EPB41	5	377
ENSG00000159023	peak_3	12	LEFT	CAAACCTCGGGAACTGGAGC	+	LEFT primer matches mRNA sequence (positive-strand gene: genomic template matches mRNA)	ENSG00000159023|peak_3|idx12|LEFT|strand+	5	EPB41	5	374
ENSG00000159023	peak_3	13	LEFT	GACTGACGCCTTTTGATGCTC	+	LEFT primer matches mRNA sequence (positive-strand gene: genomic template matches mRNA)	ENSG00000159023|peak_3|idx13|LEFT|strand+	5	EPB41	5	340
ENSG00000159023	peak_3	14	LEFT	ATTTCTGCCCAGGATCTCAGC	+	LEFT primer matches mRNA sequence (positive-strand gene: genomic template matches mRNA)	ENSG00000159023|peak_3|idx14|LEFT|strand+	5	EPB41	5	312
ENSG00000159023	peak_3	15	LEFT	CGCCTTTTGATGCTCACGG	+	LEFT primer matches mRNA sequence (positive-strand gene: genomic template matches mRNA)	ENSG00000159023|peak_3|idx15|LEFT|strand+	5	EPB41	5	334
ENSG00000159023	peak_3	16	LEFT	CTGACGCCTTTTGATGCTCAC	+	LEFT primer matches mRNA sequence (positive-strand gene: genomic template matches mRNA)	ENSG00000159023|peak_3|idx16|LEFT|strand+	5	EPB41	5	338
ENSG00000159023	peak_3	17	LEFT	CTGACTGACGCCTTTTGATGC	+	LEFT primer matches mRNA sequence (positive-strand gene: genomic template matches mRNA)	ENSG00000159023|peak_3|idx17|LEFT|strand+	5	EPB41	5	342
ENSG00000159023	peak_3	18	LEFT	AACAAACCTCGGGAACTGGAG	+	LEFT primer matches mRNA sequence (positive-strand gene: genomic template matches mRNA)	ENSG00000159023|peak_3|idx18|LEFT|strand+	5	EPB41	5	376
ENSG00000159023	peak_3	19	LEFT	AAACCTCGGGAACTGGAGC	+	LEFT primer matches mRNA sequence (positive-strand gene: genomic template matches mRNA)	ENSG00000159023|peak_3|idx19|LEFT|strand+	5	EPB41	5	373
ENSG00000159023	peak_3	1	LEFT	GACGCCTTTTGATGCTCACG	+	LEFT primer matches mRNA sequence (positive-strand gene: genomic template matches mRNA)	ENSG00000159023|peak_3|idx1|LEFT|strand+	5	EPB41	5	336
ENSG00000159023	peak_3	2	LEFT	TTTCTGCCCAGGATCTCAGC	+	LEFT primer matches mRNA sequence (positive-strand gene: genomic template matches mRNA)	ENSG00000159023|peak_3|idx2|LEFT|strand+	5	EPB41	5	311
ENSG00000159023	peak_3	3	LEFT	ACAAACCTCGGGAACTGGAG	+	LEFT primer matches mRNA sequence (positive-strand gene: genomic template matches mRNA)	ENSG00000159023|peak_3|idx3|LEFT|strand+	5	EPB41	5	375
ENSG00000159023	peak_3	4	LEFT	AGGAGACAACAAACCTCGGG	+	LEFT primer matches mRNA sequence (positive-strand gene: genomic template matches mRNA)	ENSG00000159023|peak_3|idx4|LEFT|strand+	5	EPB41	5	383
ENSG00000159023	peak_3	5	LEFT	CACGGGAAATTTCTGCCCAG	+	LEFT primer matches mRNA sequence (positive-strand gene: genomic template matches mRNA)	ENSG00000159023|peak_3|idx5|LEFT|strand+	5	EPB41	5	320
ENSG00000159023	peak_3	7	LEFT	CTCACGGGAAATTTCTGCCC	+	LEFT primer matches mRNA sequence (positive-strand gene: genomic template matches mRNA)	ENSG00000159023|peak_3|idx7|LEFT|strand+	5	EPB41	5	322
ENSG00000159023	peak_3	8	LEFT	TGACGCCTTTTGATGCTCAC	+	LEFT primer matches mRNA sequence (positive-strand gene: genomic template matches mRNA)	ENSG00000159023|peak_3|idx8|LEFT|strand+	5	EPB41	5	337
ENSG00000159023	peak_3	9	LEFT	TGACTGACGCCTTTTGATGC	+	LEFT primer matches mRNA sequence (positive-strand gene: genomic template matches mRNA)	ENSG00000159023|peak_3|idx9|LEFT|strand+	5	EPB41	5	341
ENSG00000162607	peak_2	0	LEFT	CCTTGGGCTATGTCAGAGGC	+	LEFT primer matches mRNA sequence (positive-strand gene: genomic template matches mRNA)	ENSG00000162607|peak_2|idx0|LEFT|strand+	2	USP1	2	375
ENSG00000162607	peak_2	1	LEFT	TTGGGCTATGTCAGAGGCAC	+	LEFT primer matches mRNA sequence (positive-strand gene: genomic template matches mRNA)	ENSG00000162607|peak_2|idx1|LEFT|strand+	2	USP1	2	373
ENSG00000162607	peak_2	2	LEFT	CTTGGGCTATGTCAGAGGCAC	+	LEFT primer matches mRNA sequence (positive-strand gene: genomic template matches mRNA)	ENSG00000162607|peak_2|idx2|LEFT|strand+	2	USP1	2	374
ENSG00000162607	peak_2	3	LEFT	TGGGCTATGTCAGAGGCAC	+	LEFT primer matches mRNA sequence (positive-strand gene: genomic template matches mRNA)	ENSG00000162607|peak_2|idx3|LEFT|strand+	2	USP1	2	372
ENSG00000162607	peak_2	4	LEFT	AATCCTTGGGCTATGTCAGAGG	+	LEFT primer matches mRNA sequence (positive-strand gene: genomic template matches mRNA)	ENSG00000162607|peak_2|idx4|LEFT|strand+	2	USP1	2	378
ENSG00000162607	peak_2	5	LEFT	GCTATGTCAGAGGCACAAAGTC	+	LEFT primer matches mRNA sequence (positive-strand gene: genomic template matches mRNA)	ENSG00000162607|peak_2|idx5|LEFT|strand+	2	USP1	2	369
ENSG00000163902	peak_1	0	LEFT	GGTGGTAGTGGGAGGTTGTG	-	LEFT primer matches mRNA sequence (negative-strand gene: genomic template matches mRNA)	ENSG00000163902|peak_1|idx0|LEFT|strand-	3	RPN1	2	191
ENSG00000163902	peak_1	10	LEFT	GCAGATTGGGTGGTAGTGGG	-	LEFT primer matches mRNA sequence (negative-strand gene: genomic template matches mRNA)	ENSG00000163902|peak_1|idx10|LEFT|strand-	2	RPN1	2	199
ENSG00000163902	peak_1	11	LEFT	GGCAGATTGGGTGGTAGTGG	-	LEFT primer matches mRNA sequence (negative-strand gene: genomic template matches mRNA)	ENSG00000163902|peak_1|idx11|LEFT|strand-	2	RPN1	2	200
ENSG00000163902	peak_1	12	LEFT	AAGGAAGAGAAACCAGGCCC	-	LEFT primer matches mRNA sequence (negative-strand gene: genomic template matches mRNA)	ENSG00000163902|peak_1|idx12|LEFT|strand-	3	RPN1	2	131
ENSG00000163902	peak_1	13	LEFT	GGAGCTGGTCACCAAGATCG	-	LEFT primer matches mRNA sequence (negative-strand gene: genomic template matches mRNA)	ENSG00000163902|peak_1|idx13|LEFT|strand-	10	RPN1	2	295
ENSG00000163902	peak_1	14	LEFT	AGCTCATCTCAGGAAAGCGC	-	LEFT primer matches mRNA sequence (negative-strand gene: genomic template matches mRNA)	ENSG00000163902|peak_1|idx14|LEFT|strand-	2	RPN1	2	317
ENSG00000163902	peak_1	15	LEFT	GATTGGGTGGTAGTGGGAGG	-	LEFT primer matches mRNA sequence (negative-strand gene: genomic template matches mRNA)	ENSG00000163902|peak_1|idx15|LEFT|strand-	2	RPN1	2	196
ENSG00000163902	peak_1	16	LEFT	CGTCAGGCAGTGTGAGTTTG	-	LEFT primer matches mRNA sequence (negative-strand gene: genomic template matches mRNA)	ENSG00000163902|peak_1|idx16|LEFT|strand-	2	RPN1	2	109
ENSG00000163902	peak_1	17	LEFT	GTGGTAGTGGGAGGTTGTGC	-	LEFT primer matches mRNA sequence (negative-strand gene: genomic template matches mRNA)	ENSG00000163902|peak_1|idx17|LEFT|strand-	2	RPN1	2	190
ENSG00000163902	peak_1	19	LEFT	AGGCAGATTGGGTGGTAGTG	-	LEFT primer matches mRNA sequence (negative-strand gene: genomic template matches mRNA)	ENSG00000163902|peak_1|idx19|LEFT|strand-	2	RPN1	2	201
ENSG00000163902	peak_1	2	LEFT	TCATCTCAGGAAAGCGCCAG	-	LEFT primer matches mRNA sequence (negative-strand gene: genomic template matches mRNA)	ENSG00000163902|peak_1|idx2|LEFT|strand-	2	RPN1	2	314
ENSG00000163902	peak_1	3	LEFT	AGCTGGTCACCAAGATCGAC	-	LEFT primer matches mRNA sequence (negative-strand gene: genomic template matches mRNA)	ENSG00000163902|peak_1|idx3|LEFT|strand-	2	RPN1	2	293
ENSG00000163902	peak_1	5	LEFT	GTCAGGCAGTGTGAGTTTGC	-	LEFT primer matches mRNA sequence (negative-strand gene: genomic template matches mRNA)	ENSG00000163902|peak_1|idx5|LEFT|strand-	2	RPN1	2	108
ENSG00000163902	peak_1	7	LEFT	ATGGAGGCCAGTGAAAGCTG	-	LEFT primer matches mRNA sequence (negative-strand gene: genomic template matches mRNA)	ENSG00000163902|peak_1|idx7|LEFT|strand-	2	RPN1	2	170
ENSG00000163902	peak_1	8	LEFT	TGGATGCACAGGTCAAGGAG	-	LEFT primer matches mRNA sequence (negative-strand gene: genomic template matches mRNA)	ENSG00000163902|peak_1|idx8|LEFT|strand-	3	RPN1	2	416
ENSG00000163902	peak_1	9	LEFT	TAGTGGGAGGTTGTGCATGG	-	LEFT primer matches mRNA sequence (negative-strand gene: genomic template matches mRNA)	ENSG00000163902|peak_1|idx9|LEFT|strand-	2	RPN1	2	186
ENSG00000163902	peak_2	0	LEFT	GGTGGTAGTGGGAGGTTGTG	-	LEFT primer matches mRNA sequence (negative-strand gene: genomic template matches mRNA)	ENSG00000163902|peak_2|idx0|LEFT|strand-	3	RPN1	2	191
ENSG00000163902	peak_2	10	LEFT	GCAGATTGGGTGGTAGTGGG	-	LEFT primer matches mRNA sequence (negative-strand gene: genomic template matches mRNA)	ENSG00000163902|peak_2|idx10|LEFT|strand-	2	RPN1	2	199
ENSG00000163902	peak_2	11	LEFT	GGCAGATTGGGTGGTAGTGG	-	LEFT primer matches mRNA sequence (negative-strand gene: genomic template matches mRNA)	ENSG00000163902|peak_2|idx11|LEFT|strand-	2	RPN1	2	200
ENSG00000163902	peak_2	12	LEFT	AAGGAAGAGAAACCAGGCCC	-	LEFT primer matches mRNA sequence (negative-strand gene: genomic template matches mRNA)	ENSG00000163902|peak_2|idx12|LEFT|strand-	3	RPN1	2	131
ENSG00000163902	peak_2	13	LEFT	GGAGCTGGTCACCAAGATCG	-	LEFT primer matches mRNA sequence (negative-strand gene: genomic template matches mRNA)	ENSG00000163902|peak_2|idx13|LEFT|strand-	10	RPN1	2	295
ENSG00000163902	peak_2	14	LEFT	AGCTCATCTCAGGAAAGCGC	-	LEFT primer matches mRNA sequence (negative-strand gene: genomic template matches mRNA)	ENSG00000163902|peak_2|idx14|LEFT|strand-	2	RPN1	2	317
ENSG00000163902	peak_2	15	LEFT	GATTGGGTGGTAGTGGGAGG	-	LEFT primer matches mRNA sequence (negative-strand gene: genomic template matches mRNA)	ENSG00000163902|peak_2|idx15|LEFT|strand-	2	RPN1	2	196
ENSG00000163902	peak_2	16	LEFT	CGTCAGGCAGTGTGAGTTTG	-	LEFT primer matches mRNA sequence (negative-strand gene: genomic template matches mRNA)	ENSG00000163902|peak_2|idx16|LEFT|strand-	2	RPN1	2	109
ENSG00000163902	peak_2	17	LEFT	GTGGTAGTGGGAGGTTGTGC	-	LEFT primer matches mRNA sequence (negative-strand gene: genomic template matches mRNA)	ENSG00000163902|peak_2|idx17|LEFT|strand-	2	RPN1	2	190
ENSG00000163902	peak_2	19	LEFT	AGGCAGATTGGGTGGTAGTG	-	LEFT primer matches mRNA sequence (negative-strand gene: genomic template matches mRNA)	ENSG00000163902|peak_2|idx19|LEFT|strand-	2	RPN1	2	201
ENSG00000163902	peak_2	2	LEFT	TCATCTCAGGAAAGCGCCAG	-	LEFT primer matches mRNA sequence (negative-strand gene: genomic template matches mRNA)	ENSG00000163902|peak_2|idx2|LEFT|strand-	2	RPN1	2	314
ENSG00000163902	peak_2	3	LEFT	AGCTGGTCACCAAGATCGAC	-	LEFT primer matches mRNA sequence (negative-strand gene: genomic template matches mRNA)	ENSG00000163902|peak_2|idx3|LEFT|strand-	2	RPN1	2	293
ENSG00000163902	peak_2	5	LEFT	GTCAGGCAGTGTGAGTTTGC	-	LEFT primer matches mRNA sequence (negative-strand gene: genomic template matches mRNA)	ENSG00000163902|peak_2|idx5|LEFT|strand-	2	RPN1	2	108
ENSG00000163902	peak_2	7	LEFT	ATGGAGGCCAGTGAAAGCTG	-	LEFT primer matches mRNA sequence (negative-strand gene: genomic template matches mRNA)	ENSG00000163902|peak_2|idx7|LEFT|strand-	2	RPN1	2	170
ENSG00000163902	peak_2	8	LEFT	TGGATGCACAGGTCAAGGAG	-	LEFT primer matches mRNA sequence (negative-strand gene: genomic template matches mRNA)	ENSG00000163902|peak_2|idx8|LEFT|strand-	3	RPN1	2	416
ENSG00000163902	peak_2	9	LEFT	TAGTGGGAGGTTGTGCATGG	-	LEFT primer matches mRNA sequence (negative-strand gene: genomic template matches mRNA)	ENSG00000163902|peak_2|idx9|LEFT|strand-	2	RPN1	2	186
ENSG00000163902	peak_3	0	LEFT	GGTGGTAGTGGGAGGTTGTG	-	LEFT primer matches mRNA sequence (negative-strand gene: genomic template matches mRNA)	ENSG00000163902|peak_3|idx0|LEFT|strand-	3	RPN1	2	191
ENSG00000163902	peak_3	10	LEFT	GCAGATTGGGTGGTAGTGGG	-	LEFT primer matches mRNA sequence (negative-strand gene: genomic template matches mRNA)	ENSG00000163902|peak_3|idx10|LEFT|strand-	2	RPN1	2	199
ENSG00000163902	peak_3	11	LEFT	GGCAGATTGGGTGGTAGTGG	-	LEFT primer matches mRNA sequence (negative-strand gene: genomic template matches mRNA)	ENSG00000163902|peak_3|idx11|LEFT|strand-	2	RPN1	2	200
ENSG00000163902	peak_3	12	LEFT	AAGGAAGAGAAACCAGGCCC	-	LEFT primer matches mRNA sequence (negative-strand gene: genomic template matches mRNA)	ENSG00000163902|peak_3|idx12|LEFT|strand-	3	RPN1	2	131
ENSG00000163902	peak_3	13	LEFT	GGAGCTGGTCACCAAGATCG	-	LEFT primer matches mRNA sequence (negative-strand gene: genomic template matches mRNA)	ENSG00000163902|peak_3|idx13|LEFT|strand-	10	RPN1	2	295
ENSG00000163902	peak_3	14	LEFT	AGCTCATCTCAGGAAAGCGC	-	LEFT primer matches mRNA sequence (negative-strand gene: genomic template matches mRNA)	ENSG00000163902|peak_3|idx14|LEFT|strand-	2	RPN1	2	317
ENSG00000163902	peak_3	15	LEFT	GATTGGGTGGTAGTGGGAGG	-	LEFT primer matches mRNA sequence (negative-strand gene: genomic template matches mRNA)	ENSG00000163902|peak_3|idx15|LEFT|strand-	2	RPN1	2	196
ENSG00000163902	peak_3	16	LEFT	CGTCAGGCAGTGTGAGTTTG	-	LEFT primer matches mRNA sequence (negative-strand gene: genomic template matches mRNA)	ENSG00000163902|peak_3|idx16|LEFT|strand-	2	RPN1	2	109
ENSG00000163902	peak_3	17	LEFT	GTGGTAGTGGGAGGTTGTGC	-	LEFT primer matches mRNA sequence (negative-strand gene: genomic template matches mRNA)	ENSG00000163902|peak_3|idx17|LEFT|strand-	2	RPN1	2	190
ENSG00000163902	peak_3	19	LEFT	AGGCAGATTGGGTGGTAGTG	-	LEFT primer matches mRNA sequence (negative-strand gene: genomic template matches mRNA)	ENSG00000163902|peak_3|idx19|LEFT|strand-	2	RPN1	2	201
ENSG00000163902	peak_3	2	LEFT	TCATCTCAGGAAAGCGCCAG	-	LEFT primer matches mRNA sequence (negative-strand gene: genomic template matches mRNA)	ENSG00000163902|peak_3|idx2|LEFT|strand-	2	RPN1	2	314
ENSG00000163902	peak_3	3	LEFT	AGCTGGTCACCAAGATCGAC	-	LEFT primer matches mRNA sequence (negative-strand gene: genomic template matches mRNA)	ENSG00000163902|peak_3|idx3|LEFT|strand-	2	RPN1	2	293
ENSG00000163902	peak_3	5	LEFT	GTCAGGCAGTGTGAGTTTGC	-	LEFT primer matches mRNA sequence (negative-strand gene: genomic template matches mRNA)	ENSG00000163902|peak_3|idx5|LEFT|strand-	2	RPN1	2	108
ENSG00000163902	peak_3	7	LEFT	ATGGAGGCCAGTGAAAGCTG	-	LEFT primer matches mRNA sequence (negative-strand gene: genomic template matches mRNA)	ENSG00000163902|peak_3|idx7|LEFT|strand-	2	RPN1	2	170
ENSG00000163902	peak_3	8	LEFT	TGGATGCACAGGTCAAGGAG	-	LEFT primer matches mRNA sequence (negative-strand gene: genomic template matches mRNA)	ENSG00000163902|peak_3|idx8|LEFT|strand-	3	RPN1	2	416
ENSG00000163902	peak_3	9	LEFT	TAGTGGGAGGTTGTGCATGG	-	LEFT primer matches mRNA sequence (negative-strand gene: genomic template matches mRNA)	ENSG00000163902|peak_3|idx9|LEFT|strand-	2	RPN1	2	186
ENSG00000163902	peak_4	0	LEFT	GTCAGGGTTGGGATCATATGGG	-	LEFT primer matches mRNA sequence (negative-strand gene: genomic template matches mRNA)	ENSG00000163902|peak_4|idx0|LEFT|strand-	1	RPN1	1	361
ENSG00000163902	peak_4	1	LEFT	TGTCAGGGTTGGGATCATATGG	-	LEFT primer matches mRNA sequence (negative-strand gene: genomic template matches mRNA)	ENSG00000163902|peak_4|idx1|LEFT|strand-	1	RPN1	1	362
ENSG00000163902	peak_4	2	LEFT	AGGTTATGTCAGGGTTGGGATC	-	LEFT primer matches mRNA sequence (negative-strand gene: genomic template matches mRNA)	ENSG00000163902|peak_4|idx2|LEFT|strand-	1	RPN1	1	368
ENSG00000163902	peak_4	3	LEFT	AGGGTTGGGATCATATGGGATC	-	LEFT primer matches mRNA sequence (negative-strand gene: genomic template matches mRNA)	ENSG00000163902|peak_4|idx3|LEFT|strand-	1	RPN1	1	358
ENSG00000179950	peak_1	11	LEFT	GAAGTGTACGACCAGGAGCG	-	LEFT primer matches mRNA sequence (negative-strand gene: genomic template matches mRNA)	ENSG00000179950|peak_1|idx11|LEFT|strand-	22	PUF60	22	33
ENSG00000179950	peak_1	12	LEFT	TGAAGTGTACGACCAGGAGC	-	LEFT primer matches mRNA sequence (negative-strand gene: genomic template matches mRNA)	ENSG00000179950|peak_1|idx12|LEFT|strand-	22	PUF60	22	34
ENSG00000179950	peak_1	13	LEFT	GAGGTGACAGAGGAGTGTGG	-	LEFT primer matches mRNA sequence (negative-strand gene: genomic template matches mRNA)	ENSG00000179950|peak_1|idx13|LEFT|strand-	22	PUF60	22	222
ENSG00000179950	peak_1	17	LEFT	GGTGGCTGAAGTGTACGACC	-	LEFT primer matches mRNA sequence (negative-strand gene: genomic template matches mRNA)	ENSG00000179950|peak_1|idx17|LEFT|strand-	22	PUF60	22	40
ENSG00000179950	peak_1	18	LEFT	GTACGACCAGGAGCGTTTTG	-	LEFT primer matches mRNA sequence (negative-strand gene: genomic template matches mRNA)	ENSG00000179950|peak_1|idx18|LEFT|strand-	22	PUF60	22	28
ENSG00000179950	peak_1	19	LEFT	TGCGGATAAAGGTGCGGATG	-	LEFT primer matches mRNA sequence (negative-strand gene: genomic template matches mRNA)	ENSG00000179950|peak_1|idx19|LEFT|strand-	5	PUF60	5	34
ENSG00000179950	peak_1	1	LEFT	TGGTGGCTGAAGTGTACGAC	-	LEFT primer matches mRNA sequence (negative-strand gene: genomic template matches mRNA)	ENSG00000179950|peak_1|idx1|LEFT|strand-	22	PUF60	22	41
ENSG00000179950	peak_1	2	LEFT	AGAGGAGTGTGGCAAGTTCG	-	LEFT primer matches mRNA sequence (negative-strand gene: genomic template matches mRNA)	ENSG00000179950|peak_1|idx2|LEFT|strand-	22	PUF60	22	214
ENSG00000179950	peak_1	3	LEFT	GTGATACAGTGGTGTCCCCG	-	LEFT primer matches mRNA sequence (negative-strand gene: genomic template matches mRNA)	ENSG00000179950|peak_1|idx3|LEFT|strand-	14	PUF60	14	29
ENSG00000179950	peak_1	4	LEFT	GATAAAGGTGCGGATGCTGC	-	LEFT primer matches mRNA sequence (negative-strand gene: genomic template matches mRNA)	ENSG00000179950|peak_1|idx4|LEFT|strand-	5	PUF60	5	30
ENSG00000179950	peak_1	5	LEFT	TGGCTGAAGTGTACGACCAG	-	LEFT primer matches mRNA sequence (negative-strand gene: genomic template matches mRNA)	ENSG00000179950|peak_1|idx5|LEFT|strand-	22	PUF60	22	38
ENSG00000179950	peak_1	6	LEFT	CAGTGACCTCTCTGCGTGAC	-	LEFT primer matches mRNA sequence (negative-strand gene: genomic template matches mRNA)	ENSG00000179950|peak_1|idx6|LEFT|strand-	18	PUF60	18	65
ENSG00000179950	peak_1	7	LEFT	GGCTGAAGTGTACGACCAGG	-	LEFT primer matches mRNA sequence (negative-strand gene: genomic template matches mRNA)	ENSG00000179950|peak_1|idx7|LEFT|strand-	22	PUF60	22	37
ENSG00000179950	peak_1	9	LEFT	TGACAGAGGAGTGTGGCAAG	-	LEFT primer matches mRNA sequence (negative-strand gene: genomic template matches mRNA)	ENSG00000179950|peak_1|idx9|LEFT|strand-	29	PUF60	22	218
ENSG00000179950	peak_2	11	LEFT	GAAGTGTACGACCAGGAGCG	-	LEFT primer matches mRNA sequence (negative-strand gene: genomic template matches mRNA)	ENSG00000179950|peak_2|idx11|LEFT|strand-	22	PUF60	22	33
ENSG00000179950	peak_2	12	LEFT	TGAAGTGTACGACCAGGAGC	-	LEFT primer matches mRNA sequence (negative-strand gene: genomic template matches mRNA)	ENSG00000179950|peak_2|idx12|LEFT|strand-	22	PUF60	22	34
ENSG00000179950	peak_2	13	LEFT	GAGGTGACAGAGGAGTGTGG	-	LEFT primer matches mRNA sequence (negative-strand gene: genomic template matches mRNA)	ENSG00000179950|peak_2|idx13|LEFT|strand-	22	PUF60	22	222
ENSG00000179950	peak_2	17	LEFT	GGTGGCTGAAGTGTACGACC	-	LEFT primer matches mRNA sequence (negative-strand gene: genomic template matches mRNA)	ENSG00000179950|peak_2|idx17|LEFT|strand-	22	PUF60	22	40
ENSG00000179950	peak_2	18	LEFT	GTACGACCAGGAGCGTTTTG	-	LEFT primer matches mRNA sequence (negative-strand gene: genomic template matches mRNA)	ENSG00000179950|peak_2|idx18|LEFT|strand-	22	PUF60	22	28
ENSG00000179950	peak_2	19	LEFT	TGCGGATAAAGGTGCGGATG	-	LEFT primer matches mRNA sequence (negative-strand gene: genomic template matches mRNA)	ENSG00000179950|peak_2|idx19|LEFT|strand-	5	PUF60	5	34
ENSG00000179950	peak_2	1	LEFT	TGGTGGCTGAAGTGTACGAC	-	LEFT primer matches mRNA sequence (negative-strand gene: genomic template matches mRNA)	ENSG00000179950|peak_2|idx1|LEFT|strand-	22	PUF60	22	41
ENSG00000179950	peak_2	2	LEFT	AGAGGAGTGTGGCAAGTTCG	-	LEFT primer matches mRNA sequence (negative-strand gene: genomic template matches mRNA)	ENSG00000179950|peak_2|idx2|LEFT|strand-	22	PUF60	22	214
ENSG00000179950	peak_2	3	LEFT	GTGATACAGTGGTGTCCCCG	-	LEFT primer matches mRNA sequence (negative-strand gene: genomic template matches mRNA)	ENSG00000179950|peak_2|idx3|LEFT|strand-	14	PUF60	14	29
ENSG00000179950	peak_2	4	LEFT	GATAAAGGTGCGGATGCTGC	-	LEFT primer matches mRNA sequence (negative-strand gene: genomic template matches mRNA)	ENSG00000179950|peak_2|idx4|LEFT|strand-	5	PUF60	5	30
ENSG00000179950	peak_2	5	LEFT	TGGCTGAAGTGTACGACCAG	-	LEFT primer matches mRNA sequence (negative-strand gene: genomic template matches mRNA)	ENSG00000179950|peak_2|idx5|LEFT|strand-	22	PUF60	22	38
ENSG00000179950	peak_2	6	LEFT	CAGTGACCTCTCTGCGTGAC	-	LEFT primer matches mRNA sequence (negative-strand gene: genomic template matches mRNA)	ENSG00000179950|peak_2|idx6|LEFT|strand-	18	PUF60	18	65
ENSG00000179950	peak_2	7	LEFT	GGCTGAAGTGTACGACCAGG	-	LEFT primer matches mRNA sequence (negative-strand gene: genomic template matches mRNA)	ENSG00000179950|peak_2|idx7|LEFT|strand-	22	PUF60	22	37
ENSG00000179950	peak_2	9	LEFT	TGACAGAGGAGTGTGGCAAG	-	LEFT primer matches mRNA sequence (negative-strand gene: genomic template matches mRNA)	ENSG00000179950|peak_2|idx9|LEFT|strand-	29	PUF60	22	218
ENSG00000179950	peak_3	0	LEFT	GCGGGAGACAAATGGAAACC	-	LEFT primer matches mRNA sequence (negative-strand gene: genomic template matches mRNA)	ENSG00000179950|peak_3|idx0|LEFT|strand-	22	PUF60	5	426
ENSG00000179950	peak_3	1	LEFT	CAGCGGGAGACAAATGGAAAC	-	LEFT primer matches mRNA sequence (negative-strand gene: genomic template matches mRNA)	ENSG00000179950|peak_3|idx1|LEFT|strand-	22	PUF60	5	428
ENSG00000179950	peak_3	2	LEFT	TGGCAGCGGGAGACAAATG	-	LEFT primer matches mRNA sequence (negative-strand gene: genomic template matches mRNA)	ENSG00000179950|peak_3|idx2|LEFT|strand-	22	PUF60	5	431
ENSG00000179950	peak_3	3	LEFT	AGCGGGAGACAAATGGAAACC	-	LEFT primer matches mRNA sequence (negative-strand gene: genomic template matches mRNA)	ENSG00000179950|peak_3|idx3|LEFT|strand-	22	PUF60	5	427
ENSG00000179950	peak_4	10	LEFT	CGACACATGGTGATGCAGAAG	-	LEFT primer matches mRNA sequence (negative-strand gene: genomic template matches mRNA)	ENSG00000179950|peak_4|idx10|LEFT|strand-	22	PUF60	22	324
ENSG00000179950	peak_4	11	LEFT	CATGAGCATCTCGGGCAGTAG	-	LEFT primer matches mRNA sequence (negative-strand gene: genomic template matches mRNA)	ENSG00000179950|peak_4|idx11|LEFT|strand-	22	PUF60	22	349
ENSG00000179950	peak_4	12	LEFT	AGCGAGCAGGAGCACATG	-	LEFT primer matches mRNA sequence (negative-strand gene: genomic template matches mRNA)	ENSG00000179950|peak_4|idx12|LEFT|strand-	24	PUF60	22	363
ENSG00000179950	peak_4	13	LEFT	AGTAGCGCCCGACACATG	-	LEFT primer matches mRNA sequence (negative-strand gene: genomic template matches mRNA)	ENSG00000179950|peak_4|idx13|LEFT|strand-	22	PUF60	22	333
ENSG00000179950	peak_4	14	LEFT	AGCATCTCGGGCAGTAGC	-	LEFT primer matches mRNA sequence (negative-strand gene: genomic template matches mRNA)	ENSG00000179950|peak_4|idx14|LEFT|strand-	22	PUF60	22	345
ENSG00000179950	peak_4	1	LEFT	AGCAGGAGCACATGAGCATC	-	LEFT primer matches mRNA sequence (negative-strand gene: genomic template matches mRNA)	ENSG00000179950|peak_4|idx1|LEFT|strand-	23	PUF60	22	359
ENSG00000179950	peak_4	2	LEFT	ATGAGCATCTCGGGCAGTAG	-	LEFT primer matches mRNA sequence (negative-strand gene: genomic template matches mRNA)	ENSG00000179950|peak_4|idx2|LEFT|strand-	22	PUF60	22	348
ENSG00000179950	peak_4	5	LEFT	GACACATGGTGATGCAGAAGC	-	LEFT primer matches mRNA sequence (negative-strand gene: genomic template matches mRNA)	ENSG00000179950|peak_4|idx5|LEFT|strand-	22	PUF60	22	323
ENSG00000179950	peak_4	7	LEFT	ACATGAGCATCTCGGGCAG	-	LEFT primer matches mRNA sequence (negative-strand gene: genomic template matches mRNA)	ENSG00000179950|peak_4|idx7|LEFT|strand-	22	PUF60	22	350
ENSG00000179950	peak_4	9	LEFT	GAGCATCTCGGGCAGTAGC	-	LEFT primer matches mRNA sequence (negative-strand gene: genomic template matches mRNA)	ENSG00000179950|peak_4|idx9|LEFT|strand-	22	PUF60	22	346
ENSG00000179950	peak_5	0	LEFT	GACGGCGACCATAGCTCTC	-	LEFT primer matches mRNA sequence (negative-strand gene: genomic template matches mRNA)	ENSG00000179950|peak_5|idx0|LEFT|strand-	14	PUF60	2	779
ENSG00000225663	peak_1	11	LEFT	GGTCTGTGAATAAAGGCGGC	-	LEFT primer matches mRNA sequence (negative-strand gene: genomic template matches mRNA)	ENSG00000225663|peak_1|idx11|LEFT|strand-	5	MCRIP1	5	29
ENSG00000225663	peak_1	12	LEFT	TCTGTGAATAAAGGCGGCGG	-	LEFT primer matches mRNA sequence (negative-strand gene: genomic template matches mRNA)	ENSG00000225663|peak_1|idx12|LEFT|strand-	5	MCRIP1	5	27
ENSG00000225663	peak_1	13	LEFT	ACCAGGTCCCTTTTCCTTCC	-	LEFT primer matches mRNA sequence (negative-strand gene: genomic template matches mRNA)	ENSG00000225663|peak_1|idx13|LEFT|strand-	7	MCRIP1	7	57
ENSG00000225663	peak_1	19	LEFT	AGGGTCTGTGAATAAAGGCGG	-	LEFT primer matches mRNA sequence (negative-strand gene: genomic template matches mRNA)	ENSG00000225663|peak_1|idx19|LEFT|strand-	5	MCRIP1	5	31
ENSG00000225663	peak_1	1	LEFT	TCCCTTTTCCTTCCTGTGCC	-	LEFT primer matches mRNA sequence (negative-strand gene: genomic template matches mRNA)	ENSG00000225663|peak_1|idx1|LEFT|strand-	8	MCRIP1	7	51
ENSG00000225663	peak_1	3	LEFT	GGTCACCAGGTCCCTTTTCC	-	LEFT primer matches mRNA sequence (negative-strand gene: genomic template matches mRNA)	ENSG00000225663|peak_1|idx3|LEFT|strand-	7	MCRIP1	7	61
ENSG00000225663	peak_1	4	LEFT	GGGTCACCAGGTCCCTTTTC	-	LEFT primer matches mRNA sequence (negative-strand gene: genomic template matches mRNA)	ENSG00000225663|peak_1|idx4|LEFT|strand-	7	MCRIP1	7	62
ENSG00000225663	peak_1	5	LEFT	CTCTTGGTGGTCTGTCAGGC	-	LEFT primer matches mRNA sequence (negative-strand gene: genomic template matches mRNA)	ENSG00000225663|peak_1|idx5|LEFT|strand-	2	MCRIP1	2	50
ENSG00000225663	peak_1	6	LEFT	GCCTCTTGGTGGTCTGTCAG	-	LEFT primer matches mRNA sequence (negative-strand gene: genomic template matches mRNA)	ENSG00000225663|peak_1|idx6|LEFT|strand-	2	MCRIP1	2	52
ENSG00000225663	peak_1	7	LEFT	CCTCTTGGTGGTCTGTCAGG	-	LEFT primer matches mRNA sequence (negative-strand gene: genomic template matches mRNA)	ENSG00000225663|peak_1|idx7|LEFT|strand-	2	MCRIP1	2	51
ENSG00000225663	peak_1	8	LEFT	GTCTGTGAATAAAGGCGGCG	-	LEFT primer matches mRNA sequence (negative-strand gene: genomic template matches mRNA)	ENSG00000225663|peak_1|idx8|LEFT|strand-	5	MCRIP1	5	28
